market_id,classifier_label,tag_id,tag_slug,feat_jump_zcount_ge_2,feat_jump_zrate_ge_2,feat_jump_zcount_ge_3,feat_jump_zrate_ge_3,feat_jump_count_ge_p95,feat_jump_rate_ge_p95,feat_jump_count_ge_p99,feat_jump_rate_ge_p99,feat_jump_max_abs,feat_jump_top3_sum_abs,feat_jump_top3_frac_total_move,feat_return_volatility,feat_time_to_close_hours,feat_raw_prints_per_hour,feat_ob_spread,feat_ob_spread_over_mid,feat_ob_imbalance_topn,feat_ob_mid,feat_ob_log_bid_ask_depth_ratio
558960,Sports,1,sports,-1.1438801919607824,-1.14578635425263,-1.1389846558088925,-1.1354724204960536,0.7901232329442232,0.7745544937553648,1.4905711610493648,1.4689476447892442,-0.4525080886543777,-0.522495502828495,1.5939290330277178,-0.48804846645365474,-0.5997563618242137,0.09470085007182749,0.14805556993047436,0.14805556993047436,1.496748260636352,0.09166984970282081,1.1672089205387846
558978,Sports,1,sports,-1.008040881683401,-1.0134438983216008,-0.9423254346620334,-0.9452184998937898,0.7901232329442232,0.7745544937553648,1.4905711610493648,1.4689476447892442,-0.4525080886543777,-0.5159782261443913,1.5939290330277178,-0.48488274998412595,-0.5997563618242137,0.649047289516671,0.14805556993047436,0.14805556993047436,0.6828357896580863,0.09166984970282081,0.5197271448416362
558943,Sports,1,sports,-0.6005229508512568,-0.6052247794984046,-0.35234777122145605,-0.35836761160900577,0.753467440955316,0.7745544937553648,-0.684039009926683,-0.6844354724185034,-0.44050787414862624,-0.5029436727761839,0.5463307221937266,-0.4739313003911575,-0.5997563618242137,0.3718740697942502,0.14805556993047436,0.14805556993047436,-0.9389886948491222,0.09166984970282081,-0.7882595717114497
558957,Sports,1,sports,-1.1438801919607824,-1.1435480040466086,-1.1389846558088925,-1.1322545952004552,0.753467440955316,0.7745544937553648,1.454023090948927,1.4689476447892442,-0.4525080886543777,-0.522495502828495,1.5939290330277178,-0.487984468878758,-0.5997563618242137,0.3718740697942502,0.14805556993047436,0.14805556993047436,0.9918384380195167,0.09166984970282081,0.7276646241984608
553866,Sports,1,sports,0.6220308416451757,0.5746655728507513,0.8276075556596989,0.7670667855265845,-1.2992569104234803,-1.3046240343805615,-0.684039009926683,-0.6848181124165857,-0.0745013317232069,-0.02066519815251223,-0.6185508909916999,-0.04930668495733879,-0.668615255652192,0.09470085007182749,0.14805556993047436,0.14805556993047436,-1.020474221383412,0.09166984970282081,-0.9434952588158316
558964,Sports,1,sports,-1.2797195022381638,-1.2781288101836594,-1.3356438769557517,-1.3257263410983176,0.7901232329442232,0.7745544937553648,1.4905711610493648,1.4689476447892442,-0.46450830316012914,-0.5290127795125986,-1.5488658994742586,-0.4956641113496826,-0.5997563618242137,0.649047289516671,0.14805556993047436,0.14805556993047436,1.3582417186667726,0.09166984970282081,1.0249202915549318
558972,Sports,1,sports,-1.2797195022381638,-1.2781288101836594,-1.3356438769557517,-1.3257263410983176,0.6389180909899814,0.7745544937553648,1.339810371885059,1.4689476447892442,-0.46450830316012914,-0.5290127795125986,-1.5488658994742586,-0.4956641113496826,-0.5997563618242137,-0.4596455893730161,0.14805556993047436,0.14805556993047436,0.8168476077261988,0.09166984970282081,0.6071463946544252
566146,Sports,1,sports,-0.4646836405738754,-0.4840740745974834,-0.5490069923683152,-0.5647106586892622,-1.2396912484415064,-1.2453492079205462,-0.684039009926683,-0.6848181124165857,-0.1645029405163427,-0.16078664686074107,0.17509442757779808,-0.213236886754787,-0.7809639771609987,0.09470085007182749,0.14805556993047436,0.14805556993047436,-0.6721342646393214,0.09166984970282081,-0.4411530682274706
558962,Sports,1,sports,-1.1438801919607824,-1.14578635425263,-1.1389846558088925,-1.1354724204960536,0.7901232329442232,0.7745544937553648,1.4905711610493648,1.4689476447892442,-0.4525080886543777,-0.522495502828495,1.5939290330277178,-0.48804846645365474,-0.5997563618242137,0.09470085007182749,0.14805556993047436,0.14805556993047436,1.3059313941326935,0.09166984970282081,0.9768081061927807
558936,Sports,1,sports,0.6220308416451757,0.7111437305296252,1.024266776806558,1.1254915823754919,-1.2992569104234803,-1.2962274458109337,-0.684039009926683,-0.6831516426258306,-0.3985071233784961,-0.43125362925104344,-0.6422904381756116,-0.40204271943846615,-0.5997563618242137,-0.736818809095437,0.14805556993047436,0.14805556993047436,-0.6837361325188759,0.09166984970282081,-0.45330462137892286
558971,Sports,1,sports,-1.1438801919607824,-1.14578635425263,-1.1389846558088925,-1.1354724204960536,0.7901232329442232,0.7745544937553648,1.4905711610493648,1.4689476447892442,-0.4525080886543777,-0.522495502828495,1.5939290330277178,-0.48804846645365474,-0.5997563618242137,0.649047289516671,0.14805556993047436,0.14805556993047436,0.7703467185453255,0.09166984970282081,0.5764343858022412
558959,Sports,1,sports,-0.8722015714060196,-0.8811014423905714,-0.7456662135151744,-0.754964579291526,0.7901232329442232,0.7745544937553648,1.4905711610493648,1.4689476447892442,-0.4525080886543777,-0.5094609494602876,1.5939290330277178,-0.48246427043862944,-0.5997563618242137,0.09470085007182749,0.14805556993047436,0.14805556993047436,-0.9334332013659328,0.09166984970282081,-0.7789384065591728
558961,Sports,1,sports,-1.008040881683401,-1.0134438983216008,-0.9423254346620334,-0.9452184998937898,0.7901232329442232,0.7745544937553648,1.4905711610493648,1.4689476447892442,-0.4525080886543777,-0.5159782261443913,1.5939290330277178,-0.48488274998412595,-0.5997563618242137,-0.18247236965059335,0.14805556993047436,0.14805556993047436,0.6585668016878967,0.09166984970282081,0.5042113038973111
558968,Sports,1,sports,-1.1438801919607824,-1.136037914418425,-1.1389846558088925,-1.1214581808088333,0.6389180909899814,0.7745544937553648,1.339810371885059,1.4689476447892442,-0.4525080886543777,-0.522495502828495,1.5939290330277178,-0.4877735683526858,-0.5997563618242137,-0.736818809095437,0.14805556993047436,0.14805556993047436,1.0415975627521996,0.09166984970282081,0.763766062002333
558958,Sports,1,sports,-1.008040881683401,-1.0089671979095576,-0.9423254346620334,-0.9387828493025927,0.753467440955316,0.7745544937553648,1.454023090948927,1.4689476447892442,-0.4525080886543777,-0.5159782261443913,1.5939290330277178,-0.48479195796973806,-0.5997563618242137,0.3718740697942502,0.14805556993047436,0.14805556993047436,0.5519137398957464,0.09166984970282081,0.4368370818200076
558970,Sports,1,sports,-1.008040881683401,-1.0134438983216008,-0.9423254346620334,-0.9452184998937898,0.7901232329442232,0.7745544937553648,1.4905711610493648,1.4689476447892442,-0.4525080886543777,-0.5159782261443913,1.5939290330277178,-0.48488274998412595,-0.5997563618242137,0.09470085007182749,0.14805556993047436,0.14805556993047436,1.386026482699657,0.09166984970282081,1.0515777326376252
558952,Sports,1,sports,-1.1438801919607824,-1.136037914418425,-1.1389846558088925,-1.1214581808088333,0.6389180909899814,0.7745544937553648,1.339810371885059,1.4689476447892442,-0.4525080886543777,-0.522495502828495,1.5939290330277178,-0.4877735683526858,-0.5997563618242137,-0.18247236965059335,0.14805556993047436,0.14805556993047436,-0.0012463937580068291,0.09166984970282081,0.0889602905466074
553863,Sports,1,sports,1.9804239444189897,1.8980901321610446,1.4175852191002762,1.337828547333376,-1.2992569104234803,-1.3046240343805615,-0.684039009926683,-0.6848181124165857,-0.3025054073324845,-0.3041667339110219,-0.9826704677702471,-0.23867264910240227,-0.668615255652192,0.3718740697942502,0.14805556993047436,0.14805556993047436,-0.9757622121145677,0.09166984970282081,-0.8536213158966632
558954,Sports,1,sports,-1.1438801919607824,-1.14578635425263,-1.1389846558088925,-1.1354724204960536,0.7901232329442232,0.7745544937553648,1.4905711610493648,1.4689476447892442,-0.4525080886543777,-0.522495502828495,1.5939290330277178,-0.48804846645365474,-0.5997563618242137,0.649047289516671,0.14805556993047436,0.14805556993047436,1.1821661525808078,0.09166984970282081,0.8718049922826465
558969,Sports,1,sports,-1.1438801919607824,-1.1435480040466086,-1.1389846558088925,-1.1322545952004552,0.753467440955316,0.7745544937553648,1.454023090948927,1.4689476447892442,-0.4525080886543777,-0.522495502828495,1.5939290330277178,-0.487984468878758,-0.5997563618242137,0.3718740697942502,0.14805556993047436,0.14805556993047436,1.0499146193301927,0.09166984970282081,0.7698969735445836
558966,Sports,1,sports,-1.008040881683401,-1.0134438983216008,-0.9423254346620334,-0.9452184998937898,0.7901232329442232,0.7745544937553648,1.4905711610493648,1.4689476447892442,-0.4525080886543777,-0.5159782261443913,1.5939290330277178,-0.48488274998412595,-0.5997563618242137,0.09470085007182749,0.14805556993047436,0.14805556993047436,1.233847014562624,0.09166984970282081,0.9143185567033068
566170,Sports,1,sports,-1.2797195022381638,-1.2781288101836594,-1.3356438769557517,-1.3257263410983176,0.7901232329442232,0.7745544937553648,1.4905711610493648,1.4689476447892442,-0.46450830316012914,-0.5290127795125986,-1.5488658994742586,-0.4956641113496826,-0.7809639771609987,0.09470085007182749,-10.865071793344995,-10.865071793344995,0.3837387733359154,-10.908712114635716,0.3321654169177029
558955,Sports,1,sports,-1.008040881683401,-1.0134438983216008,-0.9423254346620334,-0.9452184998937898,0.7901232329442232,0.7745544937553648,1.4905711610493648,1.4689476447892442,-0.4525080886543777,-0.5159782261443913,1.5939290330277178,-0.48488274998412595,-0.5997563618242137,0.3718740697942502,0.14805556993047436,0.14805556993047436,-0.31244689707567463,0.09166984970282081,-0.12793663706606043
558949,Sports,1,sports,-0.19300502001911263,-0.21938916273542475,0.23762989221912142,0.196305023719793,0.7901232329442232,0.7745544937553648,-0.684039009926683,-0.6848181124165857,-0.44650798140150194,-0.5062023111182358,0.02253156677673205,-0.47552100653074164,-0.5997563618242137,-0.4596455893730161,0.14805556993047436,0.14805556993047436,-0.5930101135581999,0.09166984970282081,-0.3627142123852904
558934,Sports,1,sports,-0.6005229508512568,-0.6164165305285128,-0.7456662135151744,-0.754964579291526,0.7901232329442232,0.7745544937553648,-0.684039009926683,-0.6848181124165857,-0.3385060508497388,-0.4279949909089916,-0.026574604043611155,-0.4060015486808924,-0.5997563618242137,0.9262205092390937,0.14805556993047436,0.14805556993047436,-0.5719355090877166,0.09166984970282081,-0.3429746602993979
558963,Sports,1,sports,0.350352221090413,0.3099806609886926,1.024266776806558,0.9573207061288482,0.7901232329442232,0.7745544937553648,-0.6749019924015736,-0.6757686764619395,-0.44050787414862624,-0.5029436727761839,-0.5818520740890338,-0.46615655836191844,-0.5997563618242137,0.3718740697942502,0.14805556993047436,0.14805556993047436,-0.505036507182349,0.09166984970282081,-0.2830047650396102
558956,Sports,1,sports,-1.2797195022381638,-1.2781288101836594,-1.3356438769557517,-1.3257263410983176,0.753467440955316,0.7745544937553648,1.454023090948927,1.4689476447892442,-0.46450830316012914,-0.5290127795125986,-1.5488658994742586,-0.4956641113496826,-0.5997563618242137,-0.736818809095437,0.14805556993047436,0.14805556993047436,0.8618997029809637,0.09166984970282081,0.63736265998224
558940,Sports,1,sports,0.21451291081303156,0.20226005732390118,0.4342891133659806,0.41551937198244365,-1.2763470404304136,-1.2795124840588281,-0.684039009926683,-0.6844354724185034,-0.3685065871141176,-0.40518452251462883,-0.3546038251235081,-0.3945626873899206,-0.5997563618242137,-0.4596455893730161,0.14805556993047436,0.14805556993047436,-0.7977181472225445,0.09166984970282081,-0.5840249048491715
558976,Sports,1,sports,-0.7363622611286382,-0.7487589864595421,-0.5490069923683152,-0.5647106586892622,0.7901232329442232,0.7745544937553648,1.4905711610493648,1.4689476447892442,-0.44050787414862624,-0.5029436727761839,0.9653700465273226,-0.47549702663556126,-0.5997563618242137,0.09470085007182749,0.14805556993047436,0.14805556993047436,-0.7358664600516003,0.09166984970282081,-0.510327724947441
558973,Sports,1,sports,-1.2797195022381638,-1.2781288101836594,-1.3356438769557517,-1.3257263410983176,0.6389180909899814,0.7745544937553648,1.339810371885059,1.4689476447892442,-0.46450830316012914,-0.5290127795125986,-1.5488658994742586,-0.4956641113496826,-0.5997563618242137,-0.736818809095437,0.14805556993047436,0.14805556993047436,0.6854856641457313,0.09166984970282081,0.5214262580371563
559687,Politics,2,politics,-0.6005229508512568,-0.6164165305285128,-0.35234777122145605,-0.3744567380869984,0.7901232329442232,0.7745544937553648,-0.684039009926683,-0.6848181124165857,-0.4525080886543777,-0.5094609494602876,0.33681106002692784,-0.4786492085038793,2.4481557281405117,0.9262205092390937,0.14805556993047436,0.14805556993047436,0.21049560650117577,0.09166984970282081,0.2243166073236321
561251,Politics,2,politics,-1.1438801919607824,-1.14578635425263,-1.1389846558088925,-1.1354724204960536,0.7901232329442232,0.7745544937553648,1.4905711610493648,1.4689476447892442,-0.4525080886543777,-0.522495502828495,1.5939290330277178,-0.48804846645365474,2.4481557281405117,-0.18247236965059335,0.14805556993047436,0.14805556993047436,0.27479758786967745,0.09166984970282081,0.26449563776273843
559684,Politics,2,politics,-0.4646836405738754,-0.4840740745974834,-0.1556885500745969,-0.1842028174847346,0.7901232329442232,0.7745544937553648,-0.6794705011641283,-0.6802933944392626,-0.44050787414862624,-0.5029436727761839,0.5463307221937256,-0.4747889887371031,2.4481557281405117,0.3718740697942502,0.14805556993047436,0.14805556993047436,-0.45718951295061505,0.09166984970282081,-0.24230720229281677
559679,Politics,2,politics,-1.008040881683401,-1.0089671979095576,-0.9423254346620334,-0.9387828493025927,0.753467440955316,0.7745544937553648,1.454023090948927,1.4689476447892442,-0.4525080886543777,-0.5159782261443913,1.5939290330277178,-0.48479195796973806,2.4481557281405117,0.3718740697942502,0.14805556993047436,0.14805556993047436,1.5666790585855042,0.09166984970282081,1.2502168027193794
559688,Politics,2,politics,-1.1438801919607824,-1.14578635425263,-1.1389846558088925,-1.1354724204960536,0.7901232329442232,0.7745544937553648,1.4905711610493648,1.4689476447892442,-0.4525080886543777,-0.522495502828495,1.5939290330277178,-0.48804846645365474,2.4481557281405117,-0.18247236965059335,0.14805556993047436,0.14805556993047436,0.1358426506934724,0.09166984970282081,0.177248263108952
559681,Politics,2,politics,-1.2797195022381638,-1.2781288101836594,-1.3356438769557517,-1.3257263410983176,0.7901232329442232,0.7745544937553648,1.4905711610493648,1.4689476447892442,-0.46450830316012914,-0.5290127795125986,-1.5488658994742586,-0.4956641113496826,2.4481557281405117,0.3718740697942502,0.14805556993047436,0.14805556993047436,0.010622609465840196,0.09166984970282081,0.09672595872532345
561247,Politics,2,politics,-1.2797195022381638,-1.2781288101836594,-1.3356438769557517,-1.3257263410983176,0.7901232329442232,0.7745544937553648,1.4905711610493648,1.4689476447892442,-0.46450830316012914,-0.5290127795125986,-1.5488658994742586,-0.4956641113496826,2.4481557281405117,0.649047289516671,0.14805556993047436,0.14805556993047436,-0.03899837465082975,0.09166984970282081,0.0640741251119456
559677,Politics,2,politics,-1.1438801919607824,-1.1435480040466086,-1.1389846558088925,-1.1322545952004552,0.753467440955316,0.7745544937553648,1.454023090948927,1.4689476447892442,-0.4525080886543777,-0.522495502828495,1.5939290330277178,-0.487984468878758,2.4481557281405117,-0.4596455893730161,0.14805556993047436,0.14805556993047436,0.46543672432212924,0.09166984970282081,0.3828809543435101
559683,Politics,2,politics,-1.1438801919607824,-1.14578635425263,-1.1389846558088925,-1.1354724204960536,0.7901232329442232,0.7745544937553648,1.4905711610493648,1.4689476447892442,-0.4525080886543777,-0.522495502828495,1.5939290330277178,-0.48804846645365474,2.4481557281405117,0.09470085007182749,0.14805556993047436,0.14805556993047436,-0.5586661669001735,0.09166984970282081,-0.3307657399744067
561995,Politics,2,politics,-1.1438801919607824,-1.14578635425263,-1.1389846558088925,-1.1354724204960536,0.7901232329442232,0.7745544937553648,1.4905711610493648,1.4689476447892442,-0.4525080886543777,-0.522495502828495,1.5939290330277178,-0.48804846645365474,2.4481557281405117,0.09470085007182749,0.14805556993047436,0.14805556993047436,-0.15642295328986028,0.09166984970282081,-0.015476780518324221
559666,Politics,2,politics,-1.1438801919607824,-1.14578635425263,-1.1389846558088925,-1.1354724204960536,0.7901232329442232,0.7745544937553648,1.4905711610493648,1.4689476447892442,-0.4525080886543777,-0.522495502828495,1.5939290330277178,-0.48804846645365474,2.4481557281405117,0.3718740697942502,0.14805556993047436,0.14805556993047436,0.04990167089769884,0.09166984970282081,0.12224443674488185
561986,Politics,2,politics,-1.008040881683401,-1.0134438983216008,-0.9423254346620334,-0.9452184998937898,0.7901232329442232,0.7745544937553648,1.4905711610493648,1.4689476447892442,-0.4525080886543777,-0.5159782261443913,1.5939290330277178,-0.48488274998412595,2.4481557281405117,-0.4596455893730161,0.14805556993047436,0.14805556993047436,-0.4786088636973739,0.09166984970282081,-0.2603199214288279
559690,Politics,2,politics,-1.2797195022381638,-1.2781288101836594,-1.3356438769557517,-1.3257263410983176,0.7901232329442232,0.7745544937553648,1.4905711610493648,1.4689476447892442,-0.46450830316012914,-0.5290127795125986,-1.5488658994742586,-0.4956641113496826,2.4481557281405117,0.3718740697942502,0.14805556993047436,0.14805556993047436,0.059388060943707154,0.09166984970282081,0.12836851639640798
559680,Politics,2,politics,-1.2797195022381638,-1.2781288101836594,-1.3356438769557517,-1.3257263410983176,0.753467440955316,0.7745544937553648,1.454023090948927,1.4689476447892442,-0.46450830316012914,-0.5290127795125986,-1.5488658994742586,-0.4956641113496826,2.4481557281405117,-0.736818809095437,0.14805556993047436,0.14805556993047436,-0.1831259239936683,0.09166984970282081,-0.03410515517765439
559689,Politics,2,politics,-1.008040881683401,-1.0134438983216008,-0.9423254346620334,-0.9452184998937898,0.7901232329442232,0.7745544937553648,1.4905711610493648,1.4689476447892442,-0.4525080886543777,-0.5159782261443913,1.5939290330277178,-0.48488274998412595,2.4481557281405117,-0.4596455893730161,0.14805556993047436,0.14805556993047436,-0.0858364851482439,0.09166984970282081,0.032764489010927926
559685,Politics,2,politics,-1.2797195022381638,-1.2781288101836594,-1.3356438769557517,-1.3257263410983176,0.7901232329442232,0.7745544937553648,1.4905711610493648,1.4689476447892442,-0.46450830316012914,-0.5290127795125986,-1.5488658994742586,-0.4956641113496826,2.4481557281405117,0.3718740697942502,0.14805556993047436,0.14805556993047436,-0.09120515916935847,0.09166984970282081,0.029142194672125293
958443,Politics,2,politics,1.708745323864227,1.633405220298986,2.597540545981431,2.479352070946959,0.7901232329442232,0.7745544937553648,-0.6474909398262453,-0.6486203685980004,-0.22450401304510004,-0.1379761784663782,-0.7631671663487646,-0.08172940734282973,-0.6722394079589278,0.09470085007182749,-0.05057798972780084,-0.05057798972780084,1.9301977548361455,0.09166984970282081,2.0435837857164674
559678,Politics,2,politics,-1.1438801919607824,-1.14578635425263,-1.1389846558088925,-1.1354724204960536,0.7901232329442232,0.7745544937553648,1.4905711610493648,1.4689476447892442,-0.4525080886543777,-0.522495502828495,1.5939290330277178,-0.4880484664536547,2.4481557281405117,0.3718740697942502,0.14805556993047436,0.14805556993047436,0.3135997709521796,0.09166984970282081,0.28863454485770285
559671,Politics,2,politics,-1.2797195022381638,-1.2781288101836594,-1.3356438769557517,-1.3257263410983176,0.7901232329442232,0.7745544937553648,1.4905711610493648,1.4689476447892442,-0.46450830316012914,-0.5290127795125986,-1.5488658994742586,-0.4956641113496826,2.4481557281405117,0.3718740697942502,0.14805556993047436,0.14805556993047436,-0.606131081937537,0.09166984970282081,-0.37523145754923043
559682,Politics,2,politics,-1.1438801919607824,-1.14578635425263,-1.1389846558088925,-1.1354724204960536,0.7901232329442232,0.7745544937553648,1.4905711610493648,1.4689476447892442,-0.45850819590725345,-0.5257541411705468,1.5939290330277178,-0.49185628890166866,2.4481557281405117,0.09470085007182749,0.14805556993047436,0.14805556993047436,0.1444074582832155,0.09166984970282081,0.1826773234765877
561254,Politics,2,politics,-1.2797195022381638,-1.2781288101836594,-1.3356438769557517,-1.3257263410983176,0.753467440955316,0.7745544937553648,1.454023090948927,1.4689476447892442,-0.46450830316012914,-0.5290127795125986,-1.5488658994742586,-0.4956641113496826,2.4481557281405117,0.3718740697942502,0.14805556993047436,0.14805556993047436,-0.21715626208154382,0.09166984970282081,-0.058184203214471396
997488,Politics,2,politics,1.1653880827547014,1.1040353965748686,1.220925997953417,1.147574626731112,-1.2992569104234803,-1.3046240343805615,-0.684039009926683,-0.6848181124165857,-0.30250540733248454,-0.31394264893717744,-0.7158359173653009,-0.2924203620183038,-0.005395383519558633,0.3718740697942502,0.14805556993047436,0.14805556993047436,-0.9329893508245765,0.09166984970282081,-0.7781994359836575
561249,Politics,2,politics,-1.2797195022381638,-1.2781288101836594,-1.3356438769557517,-1.3257263410983176,0.7901232329442232,0.7745544937553648,1.4905711610493648,1.4689476447892442,-0.46450830316012914,-0.5290127795125986,-1.5488658994742586,-0.4956641113496826,2.4481557281405117,-0.18247236965059335,0.14805556993047436,0.14805556993047436,-0.35637297894388653,0.09166984970282081,-0.1614368375699968
561994,Politics,2,politics,-1.2797195022381638,-1.2781288101836594,-1.3356438769557517,-1.3257263410983176,0.7901232329442232,0.7745544937553648,1.4905711610493648,1.4689476447892442,-0.46450830316012914,-0.5290127795125986,-1.5488658994742586,-0.4956641113496826,2.4481557281405117,0.09470085007182749,0.14805556993047436,0.14805556993047436,-0.041530748717680366,0.09166984970282081,0.06239410464975681
561993,Politics,2,politics,-0.7363622611286382,-0.7487589864595421,-0.5490069923683152,-0.5647106586892622,0.7901232329442232,0.7745544937553648,1.4905711610493648,1.4689476447892442,-0.4525080886543777,-0.5094609494602876,0.8082302999022236,-0.48043282155762684,2.4481557281405117,0.3718740697942502,0.14805556993047436,0.14805556993047436,-0.20593749232547023,0.09166984970282081,-0.05020220986599496
561248,Politics,2,politics,-1.2797195022381638,-1.2781288101836594,-1.3356438769557517,-1.3257263410983176,0.753467440955316,0.7745544937553648,1.454023090948927,1.4689476447892442,-0.46450830316012914,-0.5290127795125986,-1.5488658994742586,-0.4956641113496826,2.4481557281405117,0.09470085007182749,0.14805556993047436,0.14805556993047436,-0.514293666028295,0.09166984970282081,-0.2910779342865829
1105754,Politics,2,politics,-1.1438801919607824,-1.14578635425263,-1.1389846558088925,-1.1354724204960536,0.7901232329442232,0.7745544937553648,1.4905711610493648,1.4689476447892442,-0.4525080886543777,-0.522495502828495,1.5939290330277178,-0.48804846645365474,-0.005395383519558633,0.3718740697942502,0.14805556993047436,0.14805556993047436,0.17576877858771653,0.09166984970282081,0.2024889095025153
559692,Politics,2,politics,-0.8722015714060196,-0.8811014423905714,-0.7456662135151744,-0.754964579291526,0.7901232329442232,0.7745544937553648,1.4905711610493648,1.4689476447892442,-0.4525080886543777,-0.5094609494602876,1.5939290330277178,-0.48246427043862944,2.4481557281405117,0.3718740697942502,0.14805556993047436,0.14805556993047436,0.2819759781329741,0.09166984970282081,0.26896612693753497
559670,Politics,2,politics,-1.2797195022381638,-1.2781288101836594,-1.3356438769557517,-1.3257263410983176,0.7901232329442232,0.7745544937553648,1.4905711610493648,1.4689476447892442,-0.46450830316012914,-0.5290127795125986,-1.5488658994742586,-0.4956641113496826,2.4481557281405117,0.09470085007182749,0.14805556993047436,0.14805556993047436,-0.34912592549868304,0.09166984970282081,-0.15584425742785754
561240,Politics,2,politics,-1.008040881683401,-1.0134438983216008,-0.9423254346620334,-0.9452184998937898,0.7901232329442232,0.7745544937553648,1.4905711610493648,1.4689476447892442,-0.4525080886543777,-0.5159782261443913,1.5939290330277178,-0.48490518780525377,2.4481557281405117,-0.18247236965059335,0.14805556993047436,0.14805556993047436,-0.1720538254079778,0.09166984970282081,-0.026353852916707193
573655,Crypto,21,crypto,1.8445846341416083,1.7657476762300153,1.6142444402471352,1.5280824679356397,-1.294674936424867,-1.3000644323451758,-0.684039009926683,-0.6848181124165857,-0.27250487106810595,-0.3204599256212811,-0.9123504701067697,-0.2635683005435766,-0.6680112302677361,0.649047289516671,0.14805556993047436,0.14805556993047436,0.12130602498340765,0.09166984970282081,0.168014074474968
1057883,Crypto,21,crypto,1.1653880827547014,1.279507313590564,0.040970671072262266,0.1041507809280714,0.6389180909899814,0.7745544937553648,-0.6749019924015736,-0.6734356187548822,-0.44050787414862624,-0.4964263960920802,-0.5012675886402654,-0.4635789128621129,-0.001016199482252994,0.09470085007182749,0.14805556993047436,0.14805556993047436,-0.36973852949582414,0.09166984970282081,-0.17182264798338212
1057916,Crypto,21,crypto,-0.05716570974173123,-0.08704670680439541,-0.7456662135151744,-0.754964579291526,-1.2900929624262536,-1.2955048303097902,-0.6794705011641283,-0.6802933944392626,-0.092501653481834,-0.25854579712229614,-0.25109485769483564,-0.23414658217286916,-0.001016199482252994,-0.18247236965059335,0.14805556993047436,0.14805556993047436,0.3851409827616835,0.09166984970282081,0.33303516388974536
1144471,Crypto,21,crypto,1.1653880827547014,1.279507313590564,0.4342891133659806,0.5126871015070398,-1.2992569104234803,-1.2962274458109337,-0.684039009926683,-0.6831516426258306,-0.2725048710681059,-0.34652903235769583,-0.46246765120197014,-0.32855983160686153,-0.001016199482252994,-0.736818809095437,0.14805556993047436,0.14805556993047436,0.4141076858925782,0.09166984970282081,0.3510044014577923
701501,Crypto,21,crypto,1.8445846341416083,1.7657476762300153,2.2042221036877128,2.0988442297424315,-1.2213633524470529,-1.227110799779003,-0.6749019924015736,-0.6757686764619395,0.13550242212744407,0.3834059562619157,-1.0022928677347844,0.5697637703772742,-0.001016199482252994,0.649047289516671,-0.05057798972780084,-0.05057798972780084,2.032836601129127,0.09166984970282081,3.170257702242148
701502,Crypto,21,crypto,1.02954877247732,1.0097448941462068,1.4175852191002762,1.3828781014717553,-1.2900929624262536,-1.2934226441794658,-0.6794705011641283,-0.6798342264415639,0.07550134959868607,0.2856468060003605,-0.9048505444533618,0.4785488519069436,-0.001016199482252994,0.3718740697942502,-0.05057798972780084,-0.05057798972780084,0.5448955464051688,0.09166984970282081,0.43244078326229185
618454,Crypto,21,crypto,0.48619153136779436,0.4423231169197219,0.23762989221912142,0.196305023719793,-1.2992569104234803,-1.3046240343805615,-0.684039009926683,-0.6848181124165857,0.7355131474150166,0.7190457054932547,-0.6250819707342302,0.6847487177153232,-0.001016199482252994,0.3718740697942502,0.14805556993047436,0.14805556993047436,0.5609478933479605,0.09166984970282081,0.4425018169049037
618455,Crypto,21,crypto,1.02954877247732,1.0097448941462068,1.4175852191002762,1.3828781014717553,-1.2717650664318,-1.2748757640186155,-0.6749019924015736,-0.6752329804646242,-0.0445007954588279,0.09012850547725049,-0.8294309149256132,0.1797497529444659,-0.001016199482252994,-0.4596455893730161,-0.05057798972780084,-0.05057798972780084,0.1139644455290553,0.09166984970282081,0.16334058979469204
701503,Crypto,21,crypto,1.9804239444189897,1.8980901321610446,0.4342891133659806,0.38655894432205684,-1.2855109884276403,-1.2909452282744043,-0.6657649748764641,-0.6667192405072931,-0.10450186798758555,-0.07280341162534149,-0.9699299908554732,0.08388846671812845,-0.001016199482252994,0.3718740697942502,-0.05057798972780084,-0.05057798972780084,1.9476447677531026,0.09166984970282081,2.130332575157456
1005344,Crypto,21,crypto,1.5729060135868456,1.5010627643679566,0.6309483345128397,0.5768128649243206,-1.2809290144290268,-1.2863856262390183,-0.6794705011641283,-0.6802933944392626,0.6155110023575027,0.7744425573081368,-0.7218146014474222,0.7211248419059083,-0.001016199482252994,0.3718740697942502,-0.05057798972780084,-0.05057798972780084,-0.12829695493257792,0.09166984970282081,0.0039108894282168264
701486,Crypto,21,crypto,-0.328844330296494,-0.33606316722430274,-0.35234777122145605,-0.35836761160900577,-1.2809290144290268,-1.2841492040990405,-0.684039009926683,-0.6844354724185034,-0.26650476381523014,-0.3269772023053848,0.00996038704672169,-0.33564661382580413,-0.001016199482252994,0.3718740697942502,0.14805556993047436,0.14805556993047436,-0.8464176959842837,0.09166984970282081,-0.6478058962499427
556108,Crypto,21,crypto,0.8937094621999385,0.8751640880091561,0.8276075556596989,0.8024628637781682,-1.3038388844220938,-1.3073328043001038,-0.684039009926683,-0.6844354724185034,2.83555068592152,3.9842013242291947,-0.7285170525999206,3.8676975695772287,-1.2114830699319774,0.3718740697942502,0.14805556993047436,0.14805556993047436,0.6625287780096025,0.09166984970282081,0.5067388601802966
1005343,Crypto,21,crypto,1.8445846341416083,1.7657476762300153,1.220925997953417,1.147574626731112,-1.294674936424867,-1.3000644323451758,-0.684039009926683,-0.6848181124165857,0.31550563971371604,0.6440970236260636,-0.82360553043534,0.7427809923234459,-0.001016199482252994,0.9262205092390937,-0.05057798972780084,-0.05057798972780084,0.2360557733340777,0.09166984970282081,0.24032018355635026
701496,Crypto,21,crypto,2.116263254696371,2.086391343242615,0.4342891133659806,0.41551937198244365,-1.2992569104234803,-1.302696084259891,-0.684039009926683,-0.6844354724185034,0.01550027706992942,0.12271488889776852,-0.8179833570319386,0.15632021740607052,-0.001016199482252994,-0.4596455893730161,-0.05057798972780084,-0.05057798972780084,0.297399684474217,0.09166984970282081,0.2785637539522293
948956,Crypto,21,crypto,1.708745323864227,1.6826489248314618,2.2042221036877128,2.156765085063205,-1.3038388844220938,-1.3073328043001038,-0.684039009926683,-0.6844354724185034,-0.3385060508497389,-0.3497876706997476,-0.9668668378998185,-0.2842504172488494,-0.6678602239216221,0.09470085007182749,0.14805556993047436,0.14805556993047436,0.06253474258517731,0.09166984970282081,0.13039675288316527
665531,Crypto,21,crypto,0.7578701519225571,0.740583281872105,0.6309483345128397,0.6089911178803059,-1.3038388844220938,-1.3073328043001038,-0.684039009926683,-0.6844354724185034,0.2495044599320823,0.1618185490023906,-0.5719267122449053,0.14967882146431213,-0.001016199482252994,-1.0139920288178597,0.14805556993047436,0.14805556993047436,1.0578441130705956,0.09166984970282081,0.7757695142678853
657287,Crypto,21,crypto,1.4370667033094642,1.3687203084369273,1.024266776806558,0.9573207061288482,-1.2992569104234803,-1.3046240343805615,-0.684039009926683,-0.6848181124165857,-0.23650422755085165,-0.20966622199151874,-0.808495939413697,-0.16543904738073306,-0.6680112302677361,0.3718740697942502,0.14805556993047436,0.14805556993047436,1.7138598867932722,0.09166984970282081,1.4652074314816006
1393068,Crypto,21,crypto,-0.19300502001911263,-0.21938916273542475,0.23762989221912142,0.196305023719793,0.7901232329442232,0.7745544937553648,-0.6794705011641283,-0.6802933944392626,-0.44050787414862624,-0.5062023111182359,0.2844311444852281,-0.4762277357382722,-0.001016199482252994,0.09470085007182749,0.14805556993047436,0.14805556993047436,-1.1350217640300644,0.09166984970282081,-1.2644739692684785
692258,Crypto,21,crypto,1.1653880827547014,1.144325700283258,0.8276075556596989,0.8024628637781682,-1.2763470404304136,-1.2795124840588281,-0.684039009926683,-0.6844354724185034,-0.3985071233784961,-0.4410295442771991,-0.5954337289399508,-0.41506351327187646,-0.6680112302677361,-0.736818809095437,0.14805556993047436,0.14805556993047436,1.9020986706616978,0.09166984970282081,1.9273054360990367
1393070,Crypto,21,crypto,0.6220308416451757,0.5746655728507513,0.040970671072262266,0.0060511031175291986,0.7901232329442232,0.7745544937553648,-0.6749019924015736,-0.6757686764619395,-0.4345077668957505,-0.4931677577500285,-0.21922188956957733,-0.46469895945087136,-0.001016199482252994,0.3718740697942502,0.14805556993047436,0.14805556993047436,0.005254636046387903,0.09166984970282081,0.09321709426482812
1339767,Crypto,21,crypto,1.8445846341416083,1.7657476762300153,2.2042221036877128,2.0988442297424315,-1.2442732224401198,-1.249908809955932,-0.6749019924015736,-0.6757686764619395,0.25550456718495806,0.3508195728413973,-0.9595918496301381,0.519012212589501,-0.001016199482252994,0.09470085007182749,-0.05057798972780084,-0.05057798972780084,0.1669409783717036,0.09166984970282081,0.19692245009708628
664895,Crypto,21,crypto,0.6220308416451757,0.5746655728507513,0.6309483345128397,0.5768128649243206,-1.2442732224401198,-1.249908809955932,-0.684039009926683,-0.6848181124165857,0.13550242212744373,0.3508195728413975,-0.7558241875345074,0.3642983972563737,-0.3345892180480516,0.09470085007182749,-0.05057798972780084,-0.05057798972780084,1.6123431979379952,0.09166984970282081,1.3100126420792906
821172,Crypto,21,crypto,0.8937094621999385,0.8393504847128099,1.220925997953417,1.147574626731112,-1.2992569104234803,-1.3046240343805615,-0.6794705011641283,-0.6802933944392626,-0.12250218974621276,-0.15101073183458563,-0.6509244901879796,-0.13692442487904538,-0.6722394079589278,-0.4596455893730161,0.14805556993047436,0.14805556993047436,1.9918650394648603,0.09166984970282081,2.4438944715063027
701493,Crypto,21,crypto,1.02954877247732,0.9716929406438394,2.0075628825408534,1.9085903091401675,0.7901232329442232,0.7745544937553648,-0.6566279573513547,-0.6576698045526468,-0.2245040130451002,-0.13797617846637844,-0.6060274197236658,-0.10699877065521463,-0.001016199482252994,0.09470085007182749,-0.05057798972780084,-0.05057798972780084,-1.2354776631242144,0.09166984970282081,-1.8987447330787484
1302781,Crypto,21,crypto,-0.4646836405738754,-0.4840740745974834,-0.5490069923683152,-0.5647106586892622,0.7901232329442232,0.7745544937553648,-0.684039009926683,-0.6848181124165857,4.3235772846347,3.2151626755049607,0.7151286945350025,2.7959668947782914,-0.001016199482252994,0.09470085007182749,0.14805556993047436,0.14805556993047436,0.7944642690149597,0.09166984970282081,0.5923067345970036
1393319,Crypto,21,crypto,0.8937094621999385,0.8751640880091561,0.6309483345128397,0.6089911178803059,-1.2671830924331868,-1.2702390439784028,-0.684039009926683,-0.6844354724185034,0.13550242212744407,0.15530127231828764,-0.6322173774945153,0.14508389076038433,1.321799392476278,0.3718740697942502,-0.05057798972780084,-0.05057798972780084,0.1481446769401212,0.09166984970282081,0.1850436781422949
2088989,Crypto,21,crypto,-1.008040881683401,-0.5747396245170837,-1.1389846558088925,-0.8201344305475502,-1.3679865204026813,-1.297444550512689,-0.6977445362143472,-0.6833932012303569,9.189664266716916,6.170747651745978,1.115705804123294,9.746960023903519,-0.7767357994698071,-8.774842181045669,0.14805556993047436,0.14805556993047436,1.5310028189550586,0.09166984970282081,1.2067175727423938
1393318,Crypto,21,crypto,0.48619153136779436,0.4714216695980031,0.23762989221912142,0.2220476260845813,-1.294674936424867,-1.2980593642196785,-0.6794705011641283,-0.6798342264415639,0.01550027706992942,0.05754212205673246,-0.5900471065075539,0.06532989786269905,1.321799392476278,-0.4596455893730161,-0.05057798972780084,-0.05057798972780084,0.4914435844284162,0.09166984970282081,0.3990650422686384
701491,Crypto,21,crypto,1.708745323864227,1.633405220298986,1.6142444402471352,1.5280824679356397,0.7901232329442232,0.7745544937553648,-0.6383539223011357,-0.6395709326433541,-0.22450401304510004,-0.20314894530741498,-0.8005813917356923,-0.12611401092377786,-0.001016199482252994,0.09470085007182749,-0.05057798972780084,-0.05057798972780084,-1.252337777128395,0.09166984970282081,-2.155288642268972
948958,Crypto,21,crypto,1.9804239444189897,2.1320526881819712,0.8276075556596989,0.9212234220860078,-1.3038388844220938,-1.3011229113891045,-0.6749019924015736,-0.6734356187548822,-0.2845050855738575,-0.3009080955689701,-0.9377668848210962,-0.18468822682054598,-0.001016199482252994,-0.736818809095437,-0.05057798972780084,-0.05057798972780084,1.268280784081954,0.09166984970282081,0.9436662019981605
703258,Pop culture,596,pop-culture,-0.6005229508512568,-0.6164165305285128,-0.7456662135151744,-0.754964579291526,0.7901232329442232,0.7745544937553648,-0.684039009926683,-0.6848181124165857,-0.3925070161256204,-0.4442881826192509,1.0046549831835978,-0.43321940281273846,-0.005395383519558633,0.9262205092390937,0.14805556993047436,0.14805556993047436,0.5352070595304321,0.09166984970282081,0.42637770504943234
703257,Pop culture,596,pop-culture,0.48619153136779436,0.5690528347643906,1.220925997953417,1.3297597426649763,0.6389180909899814,0.7745544937553648,-0.6566279573513547,-0.6540035710129853,-0.22450401304509987,-0.13797617846637827,-0.37031779978601775,-0.12515108906854974,-0.005395383519558633,-0.4596455893730161,-0.05057798972780084,-0.05057798972780084,1.7419699411951348,0.09166984970282081,1.51557961430625
540881,Pop culture,596,pop-culture,1.9804239444189897,2.1320526881819712,1.6142444402471352,1.7382960632439444,-1.308420858420707,-1.3060183769672757,-0.684039009926683,-0.6831516426258306,-0.42850765964287474,-0.4703572893556655,-0.9656668398347165,-0.42134964630943744,-0.7791519010076309,-0.18247236965059335,0.14805556993047436,0.14805556993047436,-1.1818337957805116,0.09166984970282081,-1.4750515389779835
540819,Pop culture,596,pop-culture,-1.2797195022381638,-1.2781288101836594,-1.3356438769557517,-1.3257263410983176,0.7901232329442232,0.7745544937553648,1.4905711610493648,1.4689476447892442,-0.46450830316012914,-0.5290127795125986,-1.5488658994742586,-0.4956641113496826,-0.5580786102967532,0.09470085007182749,-0.05057798972780084,-0.05057798972780084,1.8653015232825363,0.09166984970282081,1.8041263686080944
842006,Pop culture,596,pop-culture,-0.6005229508512568,-0.6052247794984046,-0.35234777122145605,-0.35836761160900577,0.753467440955316,0.7745544937553648,-0.684039009926683,-0.6844354724185034,-0.4525080886543777,-0.5094609494602876,0.3368110600269275,-0.47847736218891035,-0.8353262617620343,-0.4596455893730161,0.14805556993047436,0.14805556993047436,-1.0858246541754093,0.09166984970282081,-1.1047285340127546
842017,Pop culture,596,pop-culture,-0.8722015714060196,-0.8743863917725067,-0.7456662135151744,-0.7453111034047304,0.753467440955316,0.7745544937553648,1.454023090948927,1.4689476447892442,-0.4525080886543777,-0.5094609494602876,1.5939290330277178,-0.48235318998419224,-0.8353262617620343,-0.736818809095437,0.14805556993047436,0.14805556993047436,-1.1130000167353395,0.09166984970282081,-1.187428293520599
842014,Pop culture,596,pop-culture,-1.2797195022381638,-1.2781288101836594,-1.3356438769557517,-1.3257263410983176,0.7901232329442232,0.7745544937553648,1.4905711610493648,1.4689476447892442,-0.46450830316012914,-0.5290127795125986,-1.5488658994742586,-0.4956641113496826,-0.8353262617620343,0.649047289516671,0.14805556993047436,0.14805556993047436,-1.0676050948569296,0.09166984970282081,-1.0552098919335149
842027,Pop culture,596,pop-culture,-1.1438801919607824,-1.1435480040466086,-1.1389846558088925,-1.1322545952004552,0.753467440955316,0.7745544937553648,1.454023090948927,1.4689476447892442,-0.4525080886543777,-0.522495502828495,1.5939290330277178,-0.487984468878758,-0.8353262617620343,-0.4596455893730161,0.14805556993047436,0.14805556993047436,-0.9610018164172537,0.09166984970282081,-0.8265771437493069
842004,Pop culture,596,pop-culture,-0.8722015714060196,-0.8811014423905714,-0.7456662135151744,-0.754964579291526,0.7901232329442232,0.7745544937553648,1.4905711610493648,1.4689476447892442,-0.4525080886543777,-0.5094609494602876,1.5939290330277178,-0.48246427043862944,-0.8353262617620343,0.09470085007182749,0.14805556993047436,0.14805556993047436,-1.036588425175654,0.09166984970282081,-0.9794037850701318
842038,Pop culture,596,pop-culture,-0.6005229508512568,-0.6164165305285128,-0.35234777122145605,-0.3744567380869984,0.7901232329442232,0.7745544937553648,-0.684039009926683,-0.6848181124165857,-0.4525080886543777,-0.5094609494602876,0.3368110600269275,-0.4786208266612245,-0.8353262617620343,-0.18247236965059335,0.14805556993047436,0.14805556993047436,-1.111363134166797,0.09166984970282081,-1.1820965938509391
842007,Pop culture,596,pop-culture,-0.6005229508512568,-0.6164165305285128,-0.35234777122145605,-0.3744567380869984,0.7901232329442232,0.7745544937553648,-0.684039009926683,-0.6848181124165857,-0.4525080886543777,-0.5094609494602876,0.3368110600269272,-0.4786208266612245,-0.8353262617620343,0.09470085007182749,0.14805556993047436,0.14805556993047436,-1.0565059713433542,0.09166984970282081,-1.026963257540272
842032,Pop culture,596,pop-culture,-1.1438801919607824,-1.14578635425263,-1.1389846558088925,-1.1354724204960536,0.7901232329442232,0.7745544937553648,1.4905711610493648,1.4689476447892442,-0.4525080886543777,-0.522495502828495,1.5939290330277178,-0.48804846645365474,-0.8353262617620343,0.3718740697942502,0.14805556993047436,0.14805556993047436,-1.184846659476689,0.09166984970282081,-1.491801580847117
842029,Pop culture,596,pop-culture,-1.1438801919607824,-1.1435480040466086,-1.1389846558088925,-1.1322545952004552,0.753467440955316,0.7745544937553648,1.454023090948927,1.4689476447892442,-0.4525080886543777,-0.522495502828495,1.5939290330277178,-0.487984468878758,-0.8353262617620343,-0.736818809095437,0.14805556993047436,0.14805556993047436,-0.919380162729571,0.09166984970282081,-0.7559378754335676
842030,Pop culture,596,pop-culture,-1.1438801919607824,-1.14578635425263,-1.1389846558088925,-1.1354724204960536,0.7901232329442232,0.7745544937553648,1.4905711610493648,1.4689476447892442,-0.4525080886543777,-0.522495502828495,1.5939290330277178,-0.48804846645365474,-0.8353262617620343,0.649047289516671,0.14805556993047436,0.14805556993047436,-1.1150231052050885,0.09166984970282081,-1.19408728686265
842035,Pop culture,596,pop-culture,-1.008040881683401,-1.0134438983216008,-0.9423254346620334,-0.9452184998937898,0.7901232329442232,0.7745544937553648,1.4905711610493648,1.4689476447892442,-0.4525080886543777,-0.5159782261443913,1.5939290330277178,-0.48488274998412595,-0.8353262617620343,0.3718740697942502,0.14805556993047436,0.14805556993047436,-1.0817762543901044,0.09166984970282081,-1.0933583859984701
842022,Pop culture,596,pop-culture,-1.1438801919607824,-1.14578635425263,-1.1389846558088925,-1.1354724204960536,0.7901232329442232,0.7745544937553648,1.4905711610493648,1.4689476447892442,-0.4525080886543777,-0.522495502828495,1.5939290330277178,-0.48804846645365474,-0.8353262617620343,0.09470085007182749,0.14805556993047436,0.14805556993047436,-1.1120480403102286,0.09166984970282081,-1.1843214569537035
842033,Pop culture,596,pop-culture,-1.008040881683401,-1.0134438983216008,-0.9423254346620334,-0.9452184998937898,0.7901232329442232,0.7745544937553648,1.4905711610493648,1.4689476447892442,-0.4525080886543777,-0.5159782261443913,1.5939290330277178,-0.48488274998412595,-0.8353262617620343,0.649047289516671,0.14805556993047436,0.14805556993047436,-0.9663258421541383,0.09166984970282081,-0.8361994801749806
842023,Pop culture,596,pop-culture,-1.008040881683401,-1.0134438983216008,-0.9423254346620334,-0.9452184998937898,0.7901232329442232,0.7745544937553648,1.4905711610493648,1.4689476447892442,-0.4525080886543777,-0.5159782261443913,1.5939290330277178,-0.48490518780525377,-0.8353262617620343,0.09470085007182749,0.14805556993047436,0.14805556993047436,-1.034979535952674,0.09166984970282081,-0.9757214436613455
540844,Pop culture,596,pop-culture,1.02954877247732,1.1374164178253288,0.6309483345128397,0.7169552617965238,-1.2992569104234803,-1.2962274458109337,-0.684039009926683,-0.6831516426258306,-0.40450723063137184,-0.441029544277199,-0.7912278353889606,-0.4045649639904377,-0.5580786102967532,-0.18247236965059335,0.14805556993047436,0.14805556993047436,0.520933514729317,0.09166984970282081,0.41745698451925384
842015,Pop culture,596,pop-culture,0.7578701519225571,0.7070080287817806,1.024266776806558,0.9573207061288482,-1.2717650664318,-1.277266422168247,-0.684039009926683,-0.6848181124165857,-0.2125037985393484,-0.21618349867562242,-0.7548966533684959,-0.19549935853139067,-0.8353262617620343,0.649047289516671,0.14805556993047436,0.14805556993047436,-1.259585824353026,0.09166984970282081,-2.3211897563714134
842028,Pop culture,596,pop-culture,-1.008040881683401,-1.0134438983216008,-0.9423254346620334,-0.9452184998937898,0.7901232329442232,0.7745544937553648,1.4905711610493648,1.4689476447892442,-0.4525080886543777,-0.5159782261443913,1.5939290330277178,-0.48488274998412595,-0.8353262617620343,0.09470085007182749,0.14805556993047436,0.14805556993047436,-1.0599745612429388,0.09166984970282081,-1.0356470018383483
842008,Pop culture,596,pop-culture,-1.1438801919607824,-1.14578635425263,-1.1389846558088925,-1.1354724204960536,0.7901232329442232,0.7745544937553648,1.4905711610493648,1.4689476447892442,-0.4525080886543777,-0.522495502828495,1.5939290330277178,-0.48804846645365474,-0.8353262617620343,-0.18247236965059335,0.14805556993047436,0.14805556993047436,-1.190904185098597,0.09166984970282081,-1.5271178111144736
842024,Pop culture,596,pop-culture,-0.8722015714060196,-0.8811014423905714,-0.7456662135151744,-0.754964579291526,0.7901232329442232,0.7745544937553648,1.4905711610493648,1.4689476447892442,-0.4525080886543777,-0.5094609494602876,1.5939290330277178,-0.48246427043862944,-0.8353262617620343,0.09470085007182749,0.14805556993047436,0.14805556993047436,-1.0375158926646777,0.09166984970282081,-0.9815367755950885
842021,Pop culture,596,pop-culture,0.6220308416451757,0.5746655728507513,0.4342891133659806,0.38655894432205684,-1.2809290144290268,-1.2863856262390183,-0.684039009926683,-0.6848181124165857,-0.3685065871141175,-0.3791154157782141,-0.5914581716921995,-0.3637989579102431,-0.8353262617620343,0.09470085007182749,0.14805556993047436,0.14805556993047436,-1.174045467223075,0.09166984970282081,-1.4339847814226803
842026,Pop culture,596,pop-culture,-0.328844330296494,-0.33606316722430274,0.040970671072262266,0.028575880186718857,0.753467440955316,0.7745544937553648,-0.6794705011641283,-0.6798342264415639,-0.4525080886543777,-0.5094609494602876,-0.09834516139642237,-0.476451993238531,-0.8353262617620343,-0.736818809095437,0.14805556993047436,0.14805556993047436,-0.935699841712505,0.09166984970282081,-0.7827253005344808
842010,Pop culture,596,pop-culture,0.7578701519225571,0.7070080287817806,0.4342891133659806,0.38655894432205684,0.7901232329442232,0.7745544937553648,-0.6657649748764641,-0.6667192405072931,-0.44050787414862624,-0.4964263960920802,-0.42643913786640963,-0.46469700845998013,-0.8353262617620343,0.3718740697942502,0.14805556993047436,0.14805556993047436,-1.0281440002586473,0.09166984970282081,-0.9603218117124511
842037,Pop culture,596,pop-culture,-1.008040881683401,-0.9939470186531902,-0.9423254346620334,-0.9171900205193493,0.6389180909899814,0.7745544937553648,1.339810371885059,1.4689476447892442,-0.4525080886543777,-0.5159782261443913,1.5939290330277178,-0.4845176874231531,-0.8353262617620343,-0.18247236965059335,0.14805556993047436,0.14805556993047436,-0.9811617974163961,0.09166984970282081,-0.8638109287484415
842018,Pop culture,596,pop-culture,-1.2797195022381638,-1.2781288101836594,-1.3356438769557517,-1.3257263410983176,0.7901232329442232,0.7745544937553648,1.4905711610493648,1.4689476447892442,-0.46450830316012914,-0.5290127795125986,-1.5488658994742586,-0.4956641113496826,-0.8353262617620343,0.3718740697942502,0.14805556993047436,0.14805556993047436,-0.9844988567104668,0.09166984970282081,-0.8701919514678303
842016,Pop culture,596,pop-culture,1.9804239444189897,1.8980901321610446,1.024266776806558,0.9573207061288482,-1.2900929624262536,-1.2955048303097902,-0.684039009926683,-0.6848181124165857,-0.3205057290911116,-0.30090809556896997,-0.8822124289435358,-0.25658081790268245,-0.8353262617620343,0.3718740697942502,0.14805556993047436,0.14805556993047436,-1.1290344945975364,0.09166984970282081,-1.242471153441888
842025,Pop culture,596,pop-culture,-0.05716570974173123,-0.08704670680439541,0.4342891133659806,0.38655894432205684,-1.2900929624262536,-1.2955048303097902,-0.684039009926683,-0.6848181124165857,-0.36850658711411755,-0.4182190758828362,-0.3063655773223147,-0.40387465761654623,-0.8353262617620343,0.3718740697942502,0.14805556993047436,0.14805556993047436,-1.2315314964916617,0.09166984970282081,-1.8532105386503772
694936,Tech,1401,tech,-0.05716570974173123,-0.08704670680439541,0.4342891133659806,0.38655894432205684,0.7901232329442232,0.7745544937553648,-0.684039009926683,-0.6848181124165857,-0.044500795458828235,0.05754212205673192,-0.16910227057095203,-0.015270674033247522,-0.005395383519558633,0.649047289516671,-0.05057798972780084,-0.05057798972780084,0.20305273630935092,0.09166984970282081,0.21964711601097425
1203147,Tech,1401,tech,-0.19300502001911263,-0.21938916273542475,-0.35234777122145605,-0.3744567380869984,-1.2717650664318,-1.277266422168247,-0.684039009926683,-0.6848181124165857,-0.1285022969990885,-0.12168298675611916,-0.17044706942953253,-0.18302791661524528,-0.6722394079589278,0.3718740697942502,0.14805556993047436,0.14805556993047436,1.1666884125688752,0.09166984970282081,0.8593983394444785
700396,Tech,1401,tech,0.7578701519225571,0.8532346262948598,0.6309483345128397,0.7169552617965238,-1.294674936424867,-1.2913319802327627,-0.684039009926683,-0.6831516426258306,0.25550456718495806,0.3182331894208791,-0.6509244901879793,0.38114680590336053,-0.005395383519558633,-0.736818809095437,-0.05057798972780084,-0.05057798972780084,0.20712422593095395,0.09166984970282081,0.22220203536396108
691340,Tech,1401,tech,0.07867360053565017,0.04529574912663392,0.040970671072262266,0.0060511031175291986,-1.2900929624262536,-1.2955048303097902,-0.684039009926683,-0.6848181124165857,1.251522371162329,1.8367586568170347,-0.28338108472304685,1.509257661467882,-0.005395383519558633,0.3718740697942502,0.14805556993047436,0.14805556993047436,0.6490738686727074,0.09166984970282081,0.49816351881915133
1131170,Tech,1401,tech,0.48619153136779436,0.4423231169197219,0.040970671072262266,0.0060511031175291986,0.7901232329442232,0.7745544937553648,-0.684039009926683,-0.6848181124165857,-0.40450723063137184,-0.46384001267156183,-0.38486777632537655,-0.43739229639054644,-0.005395383519558633,0.3718740697942502,0.14805556993047436,0.14805556993047436,-1.128843795178828,0.09166984970282081,-1.2417842108372492
631185,Tech,1401,tech,-0.6005229508512568,-0.6164165305285128,-0.35234777122145605,-0.3744567380869984,0.7901232329442232,0.7745544937553648,-0.684039009926683,-0.6848181124165857,-0.4525080886543777,-0.5094609494602876,0.8082302999022233,-0.4814059474320952,-0.6722394079589278,0.09470085007182749,0.14805556993047436,0.14805556993047436,-0.9631367411377135,0.09166984970282081,-0.8304182253357172
694938,Tech,1401,tech,-0.328844330296494,-0.3517316186664541,-0.7456662135151744,-0.754964579291526,0.7901232329442232,0.7745544937553648,-0.6794705011641283,-0.6802933944392626,1.6355292353463755,2.012725127287834,0.2536194294606983,1.4822513383978553,-0.005395383519558633,0.649047289516671,-0.05057798972780084,-0.05057798972780084,0.7290870864962797,0.09166984970282081,0.5495373373071555
631187,Tech,1401,tech,-0.6005229508512568,-0.6164165305285128,-0.35234777122145605,-0.3744567380869984,0.7901232329442232,0.7745544937553648,-0.684039009926683,-0.6848181124165857,-0.4525080886543777,-0.5094609494602876,0.8082302999022233,-0.4814059474320952,-0.6722394079589278,0.09470085007182749,0.14805556993047436,0.14805556993047436,-1.1080077698256592,0.09166984970282081,-1.1713199174744315
631186,Tech,1401,tech,-1.1438801919607824,-1.136037914418425,-1.1389846558088925,-1.1214581808088333,0.6389180909899814,0.7745544937553648,1.339810371885059,1.4689476447892442,-0.4525080886543777,-0.522495502828495,1.5939290330277178,-0.4877735683526858,-0.6722394079589278,-0.18247236965059335,0.14805556993047436,0.14805556993047436,-1.0900624223604938,0.09166984970282081,-1.116872836505287
929494,Tech,1401,tech,1.1653880827547014,1.1040353965748686,1.6142444402471352,1.5280824679356397,-1.2442732224401198,-1.249908809955932,-0.6794705011641283,-0.6802933944392626,-0.33850605084973884,-0.3921499691464215,-0.7537009165520716,-0.3573854451646344,1.3174202084389726,-0.4596455893730161,0.14805556993047436,0.14805556993047436,0.22724206899772528,0.09166984970282081,0.2348071697123695
631184,Tech,1401,tech,-0.328844330296494,-0.3517316186664541,-0.1556885500745969,-0.1842028174847346,-1.2992569104234803,-1.3046240343805615,-0.684039009926683,-0.6848181124165857,1.8695334182085286,1.3609974588774667,-0.0014795999401782352,1.1931686247460356,-0.6722394079589278,0.649047289516671,0.14805556993047436,0.14805556993047436,-1.1310240581698134,0.09166984970282081,-1.2496881403004143
694940,Tech,1401,tech,-0.19300502001911263,-0.21938916273542475,0.040970671072262266,0.0060511031175291986,0.7901232329442232,0.7745544937553648,-0.684039009926683,-0.6848181124165857,0.5555099298287444,1.067720008092801,-0.1615059743157285,0.8459720236345314,-0.005395383519558633,0.649047289516671,-0.05057798972780084,-0.05057798972780084,-0.4645079700745539,0.09166984970282081,-0.24842556313533243
631181,Tech,1401,tech,-0.19300502001911263,-0.21938916273542475,-0.1556885500745969,-0.1842028174847346,-1.2992569104234803,-1.3046240343805615,-0.684039009926683,-0.6848181124165857,1.9355345979901608,1.4261702257185027,-0.23936801093176802,1.2596931653197152,-0.6722394079589278,0.09470085007182749,-0.05057798972780084,-0.05057798972780084,1.4017477854296205,0.09166984970282081,1.0670360570489608
694937,Tech,1401,tech,-0.4646836405738754,-0.4840740745974834,-0.5490069923683152,-0.5647106586892622,0.7901232329442232,0.7745544937553648,-0.684039009926683,-0.6848181124165857,1.1555206551163173,1.3609974588774667,0.7585025319828886,0.9502537854702388,-0.005395383519558633,0.09470085007182749,-0.05057798972780084,-0.05057798972780084,-0.44938210267869194,0.09166984970282081,-0.23582029164192653
631182,Tech,1401,tech,1.1653880827547014,1.1040353965748686,0.23762989221912142,0.196305023719793,0.7901232329442232,0.7745544937553648,-0.6703334836390188,-0.6712439584846163,-0.44050787414862624,-0.4996850344341321,-0.5735157480081279,-0.46641050868090456,-0.6722394079589278,-0.18247236965059335,0.14805556993047436,0.14805556993047436,-1.1527560371012122,0.09166984970282081,-1.335199176258832
1298649,Tech,1401,tech,-0.6005229508512568,-0.6164165305285128,-0.7456662135151744,-0.754964579291526,0.7901232329442232,0.7745544937553648,-0.684039009926683,-0.6848181124165857,1.3955249452313458,1.2632383086159116,0.6672074503668788,0.9131465742112975,1.3174202084389726,0.3718740697942502,-0.05057798972780084,-0.05057798972780084,0.47276476663152445,0.09166984970282081,0.38743833167846475
631144,Tech,1401,tech,2.116263254696371,2.030432588092074,2.0075628825408534,1.9085903091401675,-1.2992569104234803,-1.3046240343805615,-0.684039009926683,-0.6848181124165857,-0.3385060508497389,-0.3302358406474366,-0.9899431855307586,-0.2618726505815998,-0.6722394079589278,0.3718740697942502,0.14805556993047436,0.14805556993047436,-1.0458782714983446,0.09166984970282081,-1.0011176498524876
700395,Tech,1401,tech,-0.05716570974173123,-0.08704670680439541,-0.35234777122145605,-0.3744567380869984,-1.2900929624262536,-1.2955048303097902,-0.684039009926683,-0.6848181124165857,0.6155110023575013,1.0351336246722824,-0.06990357829685778,0.7157357183388091,-0.005395383519558633,0.09470085007182749,-0.05057798972780084,-0.05057798972780084,-0.42921026687276514,0.09166984970282081,-0.2192462017799436
631183,Tech,1401,tech,1.02954877247732,1.1374164178253288,1.024266776806558,1.1254915823754919,-1.294674936424867,-1.2913319802327627,-0.684039009926683,-0.6831516426258306,-0.29650530007960885,-0.29113218054281453,-0.7841191325654442,-0.2465700721364681,-0.6722394079589278,-0.736818809095437,0.14805556993047436,0.14805556993047436,-1.1367999761116234,0.09166984970282081,-1.2711773105993585
563650,Tech,1401,tech,0.48619153136779436,0.4423231169197219,1.220925997953417,1.147574626731112,0.7901232329442232,0.7745544937553648,-0.684039009926683,-0.6848181124165857,0.015500277069929087,0.1227148888977687,-0.2917479264734679,0.035210844796963674,-0.5598906864501211,0.3718740697942502,-0.05057798972780084,-0.05057798972780084,-0.35944908404727516,0.09166984970282081,-0.16381885254344164
929497,Tech,1401,tech,0.07867360053565017,0.06767925118685023,0.23762989221912142,0.2220476260845813,-1.2855109884276403,-1.2887859241392532,-0.684039009926683,-0.6844354724185034,-0.36850658711411755,-0.3921499691464215,-0.2796602536561523,-0.38505631357478143,1.3174202084389726,0.3718740697942502,0.14805556993047436,0.14805556993047436,-0.12146950280927904,0.09166984970282081,0.008583017061916491
1720656,Tech,1401,tech,0.350352221090413,0.3099806609886926,0.4342891133659806,0.38655894432205684,-1.294674936424867,-1.3000644323451758,-0.684039009926683,-0.6848181124165857,0.2675047816907095,0.5333033199963001,-0.41676518345697205,0.415280380902291,-0.8765257836222903,-0.18247236965059335,0.14805556993047436,0.14805556993047436,1.9591978153790266,0.09166984970282081,2.1963863653276587
631140,Tech,1401,tech,1.02954877247732,1.1374164178253288,1.220925997953417,1.3297597426649763,-1.308420858420707,-1.3060183769672757,-0.684039009926683,-0.6831516426258306,1.0775192608289321,1.1752550733805116,-0.7829377775271321,1.2680428092638028,-0.6722394079589278,-0.736818809095437,0.14805556993047436,0.14805556993047436,-0.4125132136526013,0.09166984970282081,-0.20572178804216024
929498,Tech,1401,tech,0.7578701519225571,0.8532346262948598,0.4342891133659806,0.5126871015070398,-1.3038388844220938,-1.3011229113891045,-0.684039009926683,-0.6831516426258306,-0.380506801619869,-0.44754682096130277,-0.37618122316755087,-0.4204127921559786,1.3174202084389726,-0.18247236965059335,0.14805556993047436,0.14805556993047436,0.03594589301301126,0.09166984970282081,0.11320832687037798
700398,Tech,1401,tech,0.350352221090413,0.3099806609886926,0.6309483345128397,0.5768128649243206,-1.2855109884276403,-1.2909452282744043,-0.684039009926683,-0.6848181124165857,-0.26650476381523014,-0.2976494572269183,-0.5952828216638297,-0.2769394565697037,-0.005395383519558633,0.3718740697942502,0.14805556993047436,0.14805556993047436,1.473920793045658,0.09166984970282081,1.141966048648037
694939,Tech,1401,tech,0.07867360053565017,0.04529574912663392,-0.1556885500745969,-0.1842028174847346,0.7901232329442232,0.7745544937553648,-0.684039009926683,-0.6848181124165857,0.1355024221274434,0.3182331894208787,-0.08971110938405573,0.1868422555241776,-0.005395383519558633,0.649047289516671,-0.05057798972780084,-0.05057798972780084,-0.5641656614829951,0.09166984970282081,-0.33580574167145866
842092,Tech,1401,tech,0.350352221090413,0.3099806609886926,-0.1556885500745969,-0.1842028174847346,0.7901232329442232,0.7745544937553648,-0.6794705011641283,-0.6802933944392626,-0.2245040130451012,-0.20314894530741615,-0.1203227483369928,-0.21564241308694465,1.3174202084389726,0.09470085007182749,-0.05057798972780084,-0.05057798972780084,-0.6205569511081795,0.09166984970282081,-0.3892057398239316
929496,Tech,1401,tech,0.350352221090413,0.33684086346095216,0.23762989221912142,0.2220476260845813,0.753467440955316,0.7745544937553648,-0.6703334836390188,-0.6706317344876845,-0.4345077668957505,-0.48990911940797655,-0.09834516139642342,-0.4625977477480919,1.3174202084389726,-0.18247236965059335,0.14805556993047436,0.14805556993047436,-1.038094301017313,0.09166984970282081,-0.9828708283100996
842093,Tech,1401,tech,0.8937094621999385,0.8751640880091561,1.6142444402471352,1.5763498473696176,-1.3038388844220938,-1.3073328043001038,-0.684039009926683,-0.6844354724185034,-0.3985071233784961,-0.42799499090899173,-0.730154614536769,-0.3855249927922113,1.3174202084389726,-1.0139920288178597,0.14805556993047436,0.14805556993047436,0.5722277003006595,0.09166984970282081,0.4495840203819672
694941,Tech,1401,tech,0.6220308416451757,0.5746655728507513,0.6309483345128397,0.5768128649243206,-1.2809290144290268,-1.2863856262390183,-0.684039009926683,-0.6848181124165857,0.6755120748862593,0.937374474410728,-0.5529097588926465,0.8815078455823686,-0.005395383519558633,0.09470085007182749,-0.05057798972780084,-0.05057798972780084,-0.40981220760789033,0.09166984970282081,-0.203549974423041
694936,Finance,120,finance,-0.05716570974173123,-0.08704670680439541,0.4342891133659806,0.38655894432205684,0.7901232329442232,0.7745544937553648,-0.684039009926683,-0.6848181124165857,-0.044500795458828235,0.05754212205673192,-0.16910227057095203,-0.015270674033247522,-0.005395383519558633,0.649047289516671,-0.05057798972780084,-0.05057798972780084,0.20305273630935092,0.09166984970282081,0.21964711601097425
616902,Finance,120,finance,0.48619153136779436,0.5690528347643906,1.024266776806558,1.1254915823754919,-1.308420858420707,-1.3060183769672757,-0.684039009926683,-0.6831516426258306,0.4295076775183543,0.5300446816542481,-0.5108492805076509,0.44639184393752757,-0.005395383519558633,0.09470085007182749,0.14805556993047436,0.14805556993047436,-0.7795750713333098,0.09166984970282081,-0.5616384789613394
616913,Finance,120,finance,-1.1438801919607824,-1.14578635425263,-1.1389846558088925,-1.1354724204960536,0.7901232329442232,0.7745544937553648,1.4905711610493648,1.4689476447892442,-0.4525080886543777,-0.522495502828495,1.5939290330277178,-0.48804846645365474,-0.005395383519558633,-0.4596455893730161,0.14805556993047436,0.14805556993047436,-0.8602372867843513,0.09166984970282081,-0.6670110720878814
700396,Finance,120,finance,0.7578701519225571,0.8532346262948598,0.6309483345128397,0.7169552617965238,-1.2992569104234803,-1.2962274458109337,-0.684039009926683,-0.6831516426258306,0.25550456718495806,0.3182331894208791,-0.6409473634181317,0.38029055764834063,-0.005395383519558633,-0.736818809095437,-0.05057798972780084,-0.05057798972780084,0.20712422593095395,0.09166984970282081,0.22220203536396108
616908,Finance,120,finance,0.21451291081303156,0.17763820505766326,0.8276075556596989,0.7670667855265845,-1.294674936424867,-1.3000644323451758,-0.6703334836390188,-0.6712439584846163,-0.42850765964287474,-0.4768745660397693,-0.5012675886402669,-0.45056378045962603,-0.005395383519558633,0.3718740697942502,0.14805556993047436,0.14805556993047436,-0.9349050762431618,0.09166984970282081,-0.7813949672615133
616912,Finance,120,finance,-0.7363622611286382,-0.7487589864595421,-0.5490069923683152,-0.5647106586892622,0.7901232329442232,0.7745544937553648,1.4905711610493648,1.4689476447892442,-0.4525080886543777,-0.5094609494602876,0.8082302999022236,-0.48043282155762684,-0.005395383519558633,0.3718740697942502,0.14805556993047436,0.14805556993047436,-0.8660961993544303,0.09166984970282081,-0.6753172683741483
691340,Finance,120,finance,0.07867360053565017,0.04529574912663392,0.040970671072262266,0.0060511031175291986,-1.2900929624262536,-1.2955048303097902,-0.684039009926683,-0.6848181124165857,1.251522371162329,1.8367586568170347,-0.28618237927700635,1.5132056181003901,-0.005395383519558633,0.3718740697942502,0.14805556993047436,0.14805556993047436,0.6490477792570963,0.09166984970282081,0.49814691347389967
616914,Finance,120,finance,1.5729060135868456,1.5480681186944112,1.220925997953417,1.189406355573893,0.753467440955316,0.7745544937553648,-0.6794705011641283,-0.6798342264415639,-0.44050787414862624,-0.4931677577500284,-0.7448951027877061,-0.45553314531096983,-0.005395383519558633,0.649047289516671,0.14805556993047436,0.14805556993047436,-0.652604740954711,0.09166984970282081,-0.42109929168991256
616911,Finance,120,finance,-0.8722015714060196,-0.8811014423905714,-0.7456662135151744,-0.754964579291526,0.7901232329442232,0.7745544937553648,1.4905711610493648,1.4689476447892442,-0.4525080886543777,-0.5094609494602876,1.5939290330277178,-0.48246427043862944,-0.005395383519558633,0.3718740697942502,0.14805556993047436,0.14805556993047436,-0.8698454114971504,0.09166984970282081,-0.6806857759645533
631185,Finance,120,finance,-0.6005229508512568,-0.6164165305285128,-0.35234777122145605,-0.3744567380869984,0.7901232329442232,0.7745544937553648,-0.684039009926683,-0.6848181124165857,-0.4525080886543777,-0.5094609494602876,0.8082302999022233,-0.4814059474320952,-0.6722394079589278,0.09470085007182749,0.14805556993047436,0.14805556993047436,-0.9632453177250843,0.09166984970282081,-0.8306141930086076
694938,Finance,120,finance,-0.328844330296494,-0.3517316186664541,-0.7456662135151744,-0.754964579291526,0.7901232329442232,0.7745544937553648,-0.6794705011641283,-0.6802933944392626,1.6355292353463755,2.012725127287834,0.2536194294606983,1.4822513383978553,-0.005395383519558633,0.3718740697942502,-0.05057798972780084,-0.05057798972780084,0.7290870864962797,0.09166984970282081,0.5495373373071555
631187,Finance,120,finance,-0.6005229508512568,-0.6164165305285128,-0.35234777122145605,-0.3744567380869984,0.7901232329442232,0.7745544937553648,-0.684039009926683,-0.6848181124165857,-0.4525080886543777,-0.5094609494602876,0.8082302999022233,-0.4814059474320952,-0.6722394079589278,-0.18247236965059335,0.14805556993047436,0.14805556993047436,-1.1080257436049232,0.09166984970282081,-1.171377109746531
631186,Finance,120,finance,-1.1438801919607824,-1.136037914418425,-1.1389846558088925,-1.1214581808088333,0.6389180909899814,0.7745544937553648,1.339810371885059,1.4689476447892442,-0.4525080886543777,-0.522495502828495,1.5939290330277178,-0.4877735683526858,-0.6722394079589278,-0.18247236965059335,0.14805556993047436,0.14805556993047436,-1.0900956283394496,0.09166984970282081,-1.116969003228466
616910,Finance,120,finance,0.07867360053565017,0.04529574912663392,0.6309483345128397,0.5768128649243206,0.7901232329442232,0.7745544937553648,-0.6794705011641283,-0.6802933944392626,-0.4525080886543777,-0.5094609494602876,-0.2019537855448402,-0.47778524616029006,-0.005395383519558633,0.9262205092390937,0.14805556993047436,0.14805556993047436,-0.8834937310933633,0.09166984970282081,-0.7005937004054319
1032272,Finance,120,finance,1.02954877247732,0.9716929406438394,0.4342891133659806,0.38655894432205684,-1.2992569104234803,-1.3046240343805615,-0.684039009926683,-0.6848181124165857,0.6575117531276318,0.5007169365757818,-0.6978605878456173,0.516860210210661,-0.669596796901933,0.09470085007182749,0.14805556993047436,0.14805556993047436,1.887032574312629,0.09166984970282081,1.873622573982843
616907,Finance,120,finance,0.6220308416451757,0.5746655728507513,0.040970671072262266,0.0060511031175291986,-1.2671830924331868,-1.272706820132861,-0.6794705011641283,-0.6802933944392626,-0.42250755238999904,-0.46384001267156194,-0.6509244901879798,-0.43710633039450847,-0.005395383519558633,0.649047289516671,0.14805556993047436,0.14805556993047436,-0.9831931526243547,0.09166984970282081,-0.8676874878084258
631184,Finance,120,finance,-0.328844330296494,-0.3517316186664541,-0.1556885500745969,-0.1842028174847346,-1.2992569104234803,-1.3046240343805615,-0.684039009926683,-0.6848181124165857,1.8695334182085286,1.3609974588774667,-0.0014795999401782352,1.1931686247460356,-0.6722394079589278,0.649047289516671,0.14805556993047436,0.14805556993047436,-1.1310240581698134,0.09166984970282081,-1.2496881403004143
694940,Finance,120,finance,-0.19300502001911263,-0.21938916273542475,0.040970671072262266,0.0060511031175291986,0.7901232329442232,0.7745544937553648,-0.684039009926683,-0.6848181124165857,0.5555099298287444,1.067720008092801,-0.1615059743157285,0.8459720236345314,-0.005395383519558633,0.649047289516671,-0.05057798972780084,-0.05057798972780084,-0.4645079700745539,0.09166984970282081,-0.24842556313533243
616903,Finance,120,finance,0.7578701519225571,0.7070080287817806,1.6142444402471352,1.5280824679356397,0.7901232329442232,0.7745544937553648,-0.684039009926683,-0.6848181124165857,0.015500277069928754,0.09012850547724977,-0.3546038251235084,0.047657135457301034,-0.005395383519558633,0.09470085007182749,-0.05057798972780084,-0.05057798972780084,-1.0733166510659908,0.09166984970282081,-1.0702888278986253
616904,Finance,120,finance,1.708745323864227,1.633405220298986,-0.35234777122145605,-0.3744567380869984,0.7901232329442232,0.7745544937553648,-0.684039009926683,-0.6848181124165857,-0.10450186798758555,0.05754212205673192,-0.6364415642317496,0.07964061015669933,-0.005395383519558633,0.09470085007182749,-0.05057798972780084,-0.05057798972780084,-1.1249290818130562,0.09166984970282081,-1.227863293622597
616906,Finance,120,finance,0.7578701519225571,0.7070080287817806,0.4342891133659806,0.38655894432205684,-1.294674936424867,-1.3000644323451758,-0.684039009926683,-0.6848181124165857,-0.2185039057922243,-0.2715803504905035,-0.6224450051919594,-0.26052516568308387,-0.005395383519558633,0.3718740697942502,0.14805556993047436,0.14805556993047436,-0.9832323400025655,0.09166984970282081,-0.8677625074524336
631181,Finance,120,finance,-0.19300502001911263,-0.21938916273542475,-0.1556885500745969,-0.1842028174847346,-1.2992569104234803,-1.3046240343805615,-0.684039009926683,-0.6848181124165857,1.9355345979901608,1.4261702257185027,-0.23936801093176802,1.2596931653197152,-0.6722394079589278,0.09470085007182749,-0.05057798972780084,-0.05057798972780084,1.3998245889963201,0.09166984970282081,1.0651298154474305
694937,Finance,120,finance,-0.4646836405738754,-0.4840740745974834,-0.5490069923683152,-0.5647106586892622,0.7901232329442232,0.7745544937553648,-0.684039009926683,-0.6848181124165857,1.1555206551163173,1.3609974588774667,0.7585025319828886,0.9502537854702388,-0.005395383519558633,-0.18247236965059335,-0.05057798972780084,-0.05057798972780084,-0.44938210267869194,0.09166984970282081,-0.23582029164192653
631182,Finance,120,finance,1.1653880827547014,1.1040353965748686,0.23762989221912142,0.196305023719793,0.7901232329442232,0.7745544937553648,-0.6703334836390188,-0.6712439584846163,-0.44050787414862624,-0.4996850344341321,-0.5735157480081279,-0.46641050868090456,-0.6722394079589278,-0.18247236965059335,0.14805556993047436,0.14805556993047436,-1.1527689390547031,0.09166984970282081,-1.3352540227435996
1298649,Finance,120,finance,-0.6005229508512568,-0.6164165305285128,-0.7456662135151744,-0.754964579291526,0.7901232329442232,0.7745544937553648,-0.684039009926683,-0.6848181124165857,1.3955249452313458,1.2632383086159116,0.6672074503668788,0.9131465742112975,1.3174202084389726,0.3718740697942502,-0.05057798972780084,-0.05057798972780084,0.47276476663152445,0.09166984970282081,0.38743833167846475
616909,Finance,120,finance,0.07867360053565017,0.04529574912663392,0.6309483345128397,0.5768128649243206,0.7901232329442232,0.7745544937553648,-0.684039009926683,-0.6848181124165857,-0.4525080886543777,-0.5094609494602876,-0.2917479264734683,-0.47660596950742135,-0.005395383519558633,0.09470085007182749,0.14805556993047436,0.14805556993047436,-0.8976506758011542,0.09166984970282081,-0.7218819700580771
692258,Finance,120,finance,1.1653880827547014,1.144325700283258,0.8276075556596989,0.8024628637781682,-1.2763470404304136,-1.2795124840588281,-0.684039009926683,-0.6844354724185034,-0.3985071233784961,-0.4410295442771991,-0.5954337289399508,-0.41506351327187646,-0.6680112302677361,-0.736818809095437,0.14805556993047436,0.14805556993047436,1.9021913231478877,0.09166984970282081,1.9276518276633883
616905,Finance,120,finance,0.8937094621999385,0.8393504847128099,0.4342891133659806,0.38655894432205684,0.7901232329442232,0.7745544937553648,-0.684039009926683,-0.6848181124165857,-0.2245040130451002,-0.23573532872793332,-0.5386818140271943,-0.20073193635499592,-0.005395383519558633,0.09470085007182749,-0.05057798972780084,-0.05057798972780084,-1.17097237594115,0.09166984970282081,-1.418588868606809
700395,Finance,120,finance,-0.05716570974173123,-0.08704670680439541,-0.35234777122145605,-0.3744567380869984,-1.2900929624262536,-1.2955048303097902,-0.684039009926683,-0.6848181124165857,0.6155110023575013,1.0351336246722824,-0.06990357829685778,0.7157357183388091,-0.005395383519558633,0.09470085007182749,-0.05057798972780084,-0.05057798972780084,-0.42921026687276514,0.09166984970282081,-0.2192462017799436
631183,Finance,120,finance,1.02954877247732,1.1374164178253288,1.024266776806558,1.1254915823754919,-1.294674936424867,-1.2913319802327627,-0.684039009926683,-0.6831516426258306,-0.29650530007960885,-0.29113218054281453,-0.7789866039284723,-0.2468254636131583,-0.6722394079589278,-0.736818809095437,0.14805556993047436,0.14805556993047436,-1.1367999761116234,0.09166984970282081,-1.2711773105993585
694936,Business,107,business,-0.05716570974173123,-0.08704670680439541,0.4342891133659806,0.38655894432205684,0.7901232329442232,0.7745544937553648,-0.684039009926683,-0.6848181124165857,-0.044500795458828235,0.05754212205673192,-0.16910227057095203,-0.015270674033247522,-0.005395383519558633,0.649047289516671,-0.05057798972780084,-0.05057798972780084,0.20305273630935092,0.09166984970282081,0.21964711601097425
616902,Business,107,business,0.48619153136779436,0.5690528347643906,1.024266776806558,1.1254915823754919,-1.308420858420707,-1.3060183769672757,-0.684039009926683,-0.6831516426258306,0.4295076775183543,0.5300446816542481,-0.5108492805076509,0.44639184393752757,-0.005395383519558633,0.09470085007182749,0.14805556993047436,0.14805556993047436,-0.7795750713333098,0.09166984970282081,-0.5616384789613394
1203147,Business,107,business,-0.19300502001911263,-0.21938916273542475,-0.35234777122145605,-0.3744567380869984,-1.2717650664318,-1.277266422168247,-0.684039009926683,-0.6848181124165857,-0.1285022969990885,-0.12168298675611916,-0.17044706942953253,-0.18302791661524528,-0.6722394079589278,0.09470085007182749,0.14805556993047436,0.14805556993047436,1.1666884125688752,0.09166984970282081,0.8593983394444785
616913,Business,107,business,-1.1438801919607824,-1.14578635425263,-1.1389846558088925,-1.1354724204960536,0.7901232329442232,0.7745544937553648,1.4905711610493648,1.4689476447892442,-0.4525080886543777,-0.522495502828495,1.5939290330277178,-0.48804846645365474,-0.005395383519558633,-0.4596455893730161,0.14805556993047436,0.14805556993047436,-0.8602252503020832,0.09166984970282081,-0.6669941107302045
700396,Business,107,business,0.7578701519225571,0.8532346262948598,0.6309483345128397,0.7169552617965238,-1.294674936424867,-1.2913319802327627,-0.684039009926683,-0.6831516426258306,0.25550456718495806,0.3182331894208791,-0.6509244901879793,0.38114680590336053,-0.005395383519558633,-0.736818809095437,-0.05057798972780084,-0.05057798972780084,0.20712422593095395,0.09166984970282081,0.22220203536396108
616908,Business,107,business,0.21451291081303156,0.17763820505766326,0.8276075556596989,0.7670667855265845,-1.294674936424867,-1.3000644323451758,-0.6703334836390188,-0.6712439584846163,-0.42850765964287474,-0.4768745660397693,-0.5012675886402669,-0.45056378045962603,-0.005395383519558633,0.3718740697942502,0.14805556993047436,0.14805556993047436,-0.9348671706403594,0.09166984970282081,-0.7813315862257011
616912,Business,107,business,-0.7363622611286382,-0.7487589864595421,-0.5490069923683152,-0.5647106586892622,0.7901232329442232,0.7745544937553648,1.4905711610493648,1.4689476447892442,-0.4525080886543777,-0.5094609494602876,0.8082302999022236,-0.48043282155762684,-0.005395383519558633,0.3718740697942502,0.14805556993047436,0.14805556993047436,-0.86615700710927,0.09166984970282081,-0.6754040044537335
691340,Business,107,business,0.07867360053565017,0.04529574912663392,0.040970671072262266,0.0060511031175291986,-1.2900929624262536,-1.2955048303097902,-0.684039009926683,-0.6848181124165857,1.251522371162329,1.8367586568170347,-0.28618237927700635,1.5132056181003901,-0.005395383519558633,0.649047289516671,0.14805556993047436,0.14805556993047436,0.6490477792570963,0.09166984970282081,0.49814691347389967
616914,Business,107,business,1.5729060135868456,1.5480681186944112,1.220925997953417,1.189406355573893,0.753467440955316,0.7745544937553648,-0.6794705011641283,-0.6798342264415639,-0.44050787414862624,-0.4931677577500284,-0.7448951027877061,-0.45553314531096983,-0.005395383519558633,0.3718740697942502,0.14805556993047436,0.14805556993047436,-0.6525835122080796,0.09166984970282081,-0.4210777571065591
616911,Business,107,business,-0.8722015714060196,-0.8811014423905714,-0.7456662135151744,-0.754964579291526,0.7901232329442232,0.7745544937553648,1.4905711610493648,1.4689476447892442,-0.4525080886543777,-0.5094609494602876,1.5939290330277178,-0.48246427043862944,-0.005395383519558633,0.3718740697942502,0.14805556993047436,0.14805556993047436,-0.8698333250801865,0.09166984970282081,-0.6806684015679061
631185,Business,107,business,-0.6005229508512568,-0.6164165305285128,-0.35234777122145605,-0.3744567380869984,0.7901232329442232,0.7745544937553648,-0.684039009926683,-0.6848181124165857,-0.4525080886543777,-0.5094609494602876,0.8082302999022233,-0.4814059474320952,-0.6722394079589278,0.09470085007182749,0.14805556993047436,0.14805556993047436,-0.9632635681933195,0.09166984970282081,-0.830647138831817
694938,Business,107,business,-0.328844330296494,-0.3517316186664541,-0.7456662135151744,-0.754964579291526,0.7901232329442232,0.7745544937553648,-0.6794705011641283,-0.6802933944392626,1.6355292353463755,2.012725127287834,0.2536194294606983,1.4822513383978553,-0.005395383519558633,0.3718740697942502,-0.05057798972780084,-0.05057798972780084,0.7290870864962797,0.09166984970282081,0.5495373373071555
631187,Business,107,business,-0.6005229508512568,-0.6164165305285128,-0.35234777122145605,-0.3744567380869984,0.7901232329442232,0.7745544937553648,-0.684039009926683,-0.6848181124165857,-0.4525080886543777,-0.5094609494602876,0.8082302999022233,-0.4814059474320952,-0.6722394079589278,-0.18247236965059335,0.14805556993047436,0.14805556993047436,-1.108036460662724,0.09166984970282081,-1.171411213958405
631186,Business,107,business,-1.1438801919607824,-1.136037914418425,-1.1389846558088925,-1.1214581808088333,0.6389180909899814,0.7745544937553648,1.339810371885059,1.4689476447892442,-0.4525080886543777,-0.522495502828495,1.5939290330277178,-0.4877735683526858,-0.6722394079589278,0.09470085007182749,0.14805556993047436,0.14805556993047436,-1.090106391807659,0.09166984970282081,-1.117000178360578
616910,Business,107,business,0.07867360053565017,0.04529574912663392,0.6309483345128397,0.5768128649243206,0.7901232329442232,0.7745544937553648,-0.6794705011641283,-0.6802933944392626,-0.4525080886543777,-0.5094609494602876,-0.2019537855448402,-0.47778524616029006,-0.005395383519558633,0.649047289516671,0.14805556993047436,0.14805556993047436,-0.8834815795153262,0.09166984970282081,-0.7005757134863869
609655,Business,107,business,0.7578701519225571,0.7070080287817806,1.6142444402471352,1.5280824679356397,-1.294674936424867,-1.3000644323451758,-0.6794705011641283,-0.6802933944392626,-0.10450186798758555,-0.040217028204822904,-0.7760474734491825,0.02813643461435019,0.10695333798924811,-0.18247236965059335,-0.05057798972780084,-0.05057798972780084,1.292446920449028,0.09166984970282081,0.9648046705317002
616907,Business,107,business,0.6220308416451757,0.5746655728507513,0.040970671072262266,0.0060511031175291986,-1.2671830924331868,-1.272706820132861,-0.6794705011641283,-0.6802933944392626,-0.42250755238999904,-0.46384001267156194,-0.6509244901879798,-0.43710633039450847,-0.005395383519558633,0.649047289516671,0.14805556993047436,0.14805556993047436,-0.9831931513269151,0.09166984970282081,-0.8676874853247779
631184,Business,107,business,-0.328844330296494,-0.3517316186664541,-0.1556885500745969,-0.1842028174847346,-1.2992569104234803,-1.3046240343805615,-0.684039009926683,-0.6848181124165857,1.8695334182085286,1.3609974588774667,0.02388738857677373,1.1886712634002132,-0.6722394079589278,0.649047289516671,0.14805556993047436,0.14805556993047436,-1.1310240581698134,0.09166984970282081,-1.2496881403004143
694940,Business,107,business,-0.19300502001911263,-0.21938916273542475,0.040970671072262266,0.0060511031175291986,0.7901232329442232,0.7745544937553648,-0.684039009926683,-0.6848181124165857,0.5555099298287444,1.067720008092801,-0.1615059743157285,0.8459720236345314,-0.005395383519558633,0.649047289516671,-0.05057798972780084,-0.05057798972780084,-0.4645079700745539,0.09166984970282081,-0.24842556313533243
616903,Business,107,business,0.7578701519225571,0.7070080287817806,1.6142444402471352,1.5280824679356397,0.7901232329442232,0.7745544937553648,-0.684039009926683,-0.6848181124165857,0.015500277069928754,0.09012850547724977,-0.3546038251235084,0.047657135457301034,-0.005395383519558633,0.3718740697942502,-0.05057798972780084,-0.05057798972780084,-1.0738574314624751,0.09166984970282081,-1.0717367374898514
616904,Business,107,business,1.708745323864227,1.633405220298986,-0.35234777122145605,-0.3744567380869984,0.7901232329442232,0.7745544937553648,-0.684039009926683,-0.6848181124165857,-0.10450186798758555,0.05754212205673192,-0.6364415642317496,0.07964061015669933,-0.005395383519558633,-0.18247236965059335,-0.05057798972780084,-0.05057798972780084,-1.1249290818130562,0.09166984970282081,-1.227863293622597
616906,Business,107,business,0.7578701519225571,0.7070080287817806,0.4342891133659806,0.38655894432205684,-1.294674936424867,-1.3000644323451758,-0.684039009926683,-0.6848181124165857,-0.2185039057922243,-0.2715803504905035,-0.6224450051919594,-0.26052516568308387,-0.005395383519558633,0.3718740697942502,0.14805556993047436,0.14805556993047436,-0.9832323400025655,0.09166984970282081,-0.8677625074524336
631181,Business,107,business,-0.19300502001911263,-0.21938916273542475,-0.1556885500745969,-0.1842028174847346,-1.2396912484415064,-1.2453492079205462,-0.684039009926683,-0.6848181124165857,1.9355345979901608,1.4261702257185027,-0.23021068303986253,1.2583813765898695,-0.6722394079589278,0.09470085007182749,-0.05057798972780084,-0.05057798972780084,1.3998245889963201,0.09166984970282081,1.0651298154474305
694937,Business,107,business,-0.4646836405738754,-0.4840740745974834,-0.5490069923683152,-0.5647106586892622,0.7901232329442232,0.7745544937553648,-0.684039009926683,-0.6848181124165857,1.1555206551163173,1.3609974588774667,0.7585025319828886,0.9502537854702388,-0.005395383519558633,-0.18247236965059335,-0.05057798972780084,-0.05057798972780084,0.6259028879368539,0.09166984970282081,0.48344824034280265
631182,Business,107,business,1.1653880827547014,1.1040353965748686,0.23762989221912142,0.196305023719793,0.7901232329442232,0.7745544937553648,-0.6703334836390188,-0.6712439584846163,-0.44050787414862624,-0.4996850344341321,-0.5735157480081279,-0.46641050868090456,-0.6722394079589278,-0.18247236965059335,0.14805556993047436,0.14805556993047436,-1.1527942628963193,0.09166984970282081,-1.3353616906244794
1298649,Business,107,business,-0.6005229508512568,-0.6164165305285128,-0.7456662135151744,-0.754964579291526,0.7901232329442232,0.7745544937553648,-0.684039009926683,-0.6848181124165857,1.3955249452313458,1.2632383086159116,0.6672074503668788,0.9131465742112975,1.3174202084389726,0.649047289516671,-0.05057798972780084,-0.05057798972780084,0.47276476663152445,0.09166984970282081,0.38743833167846475
616909,Business,107,business,0.07867360053565017,0.04529574912663392,0.6309483345128397,0.5768128649243206,0.7901232329442232,0.7745544937553648,-0.684039009926683,-0.6848181124165857,-0.4525080886543777,-0.5094609494602876,-0.2917479264734683,-0.47660596950742135,-0.005395383519558633,0.09470085007182749,0.14805556993047436,0.14805556993047436,-0.8976383485643666,0.09166984970282081,-0.7218631364687857
692258,Business,107,business,1.1653880827547014,1.144325700283258,0.8276075556596989,0.8024628637781682,-1.2763470404304136,-1.2795124840588281,-0.684039009926683,-0.6844354724185034,-0.3985071233784961,-0.4410295442771991,-0.5954337289399508,-0.41506351327187646,-0.6680112302677361,-1.0139920288178597,0.14805556993047436,0.14805556993047436,1.902013165107985,0.09166984970282081,1.9269859525839084
616905,Business,107,business,0.8937094621999385,0.8393504847128099,0.4342891133659806,0.38655894432205684,0.7901232329442232,0.7745544937553648,-0.684039009926683,-0.6848181124165857,-0.2245040130451002,-0.23573532872793332,-0.5386818140271943,-0.20073193635499592,-0.005395383519558633,0.09470085007182749,-0.05057798972780084,-0.05057798972780084,-1.1721465283302281,0.09166984970282081,-1.4244205877244314
700395,Business,107,business,-0.05716570974173123,-0.08704670680439541,-0.35234777122145605,-0.3744567380869984,-1.2900929624262536,-1.2955048303097902,-0.684039009926683,-0.6848181124165857,0.6155110023575013,1.0351336246722824,-0.06990357829685778,0.7157357183388091,-0.005395383519558633,0.09470085007182749,-0.05057798972780084,-0.05057798972780084,-0.42921026687276514,0.09166984970282081,-0.2192462017799436
958443,Geopolitics,100265,geopolitics,1.708745323864227,1.633405220298986,2.4008813248345717,2.289098150344695,0.7901232329442232,0.7745544937553648,-0.6474909398262453,-0.6486203685980004,-0.22450401304510004,-0.1379761784663782,-0.7464501720269455,-0.08707660060495132,-0.6722394079589278,0.09470085007182749,-0.05057798972780084,-0.05057798972780084,1.9313798432049916,0.09166984970282081,2.0490497398885736
1540766,Geopolitics,100265,geopolitics,0.07867360053565017,0.14278014746868675,-0.1556885500745969,-0.1001173793614128,-1.308420858420707,-1.3060183769672757,-0.684039009926683,-0.6831516426258306,1.3355238727025884,1.6216885262416132,-0.13299924046312933,1.3115952205204555,-0.8933126986698056,0.09470085007182749,0.14805556993047436,0.14805556993047436,-0.5040127986087174,0.09166984970282081,-0.28211613676227887
1105754,Geopolitics,100265,geopolitics,-1.1438801919607824,-1.14578635425263,-1.1389846558088925,-1.1354724204960536,0.7901232329442232,0.7745544937553648,1.4905711610493648,1.4689476447892442,-0.4525080886543777,-0.522495502828495,1.5939290330277178,-0.48804846645365474,-0.005395383519558633,0.3718740697942502,0.14805556993047436,0.14805556993047436,0.17475884794103105,0.09166984970282081,0.20185247410347767
1105752,Geopolitics,100265,geopolitics,-1.2797195022381638,-1.2781288101836594,-1.3356438769557517,-1.3257263410983176,0.7901232329442232,0.7745544937553648,1.4905711610493648,1.4689476447892442,-0.46450830316012914,-0.5290127795125986,-1.5488658994742586,-0.4956641113496826,-0.005395383519558633,-0.18247236965059335,0.14805556993047436,0.14805556993047436,0.13175282244861633,0.09166984970282081,0.1746528110103797
1819243,Geopolitics,100265,geopolitics,-0.19300502001911263,-0.20148236108725168,-0.35234777122145605,-0.35836761160900577,-1.2992569104234803,-1.302696084259891,-0.684039009926683,-0.6844354724185034,6.663619113256235,8.487639512944833,0.06481262682616246,6.309945540259609,-0.8933126986698056,0.3718740697942502,-10.865071793344995,-10.865071793344995,0.3837387733359154,-10.908712114635716,0.3321654169177029
567621,Geopolitics,100265,geopolitics,1.1653880827547014,1.1040353965748686,1.4175852191002762,1.337828547333376,-1.2992569104234803,-1.3046240343805615,-0.6794705011641283,-0.6802933944392626,-0.3865069088727448,-0.42473635256693987,-0.8039071006589752,-0.38736910090781074,-0.005395383519558633,-0.18247236965059335,0.14805556993047436,0.14805556993047436,1.699771593116043,0.09166984970282081,1.4413743349846242
665374,Geopolitics,100265,geopolitics,0.8937094621999385,0.8393504847128099,0.23762989221912142,0.196305023719793,-1.2809290144290268,-1.2863856262390183,-0.6794705011641283,-0.6802933944392626,0.9755174375300453,0.969960857831246,-0.5162332787950379,0.836822133434971,-0.005395383519558633,0.3718740697942502,-0.05057798972780084,-0.05057798972780084,1.9647289432818331,0.09166984970282081,2.231089504975979
663583,Geopolitics,100265,geopolitics,1.1653880827547014,1.1040353965748686,1.8109036613939944,1.7183363885379037,0.7901232329442232,0.7745544937553648,-0.6566279573513547,-0.6576698045526468,-0.10450186798758555,-0.13797617846637827,-0.6060274197236657,-0.09594098401746191,-0.005395383519558633,0.3718740697942502,-0.05057798972780084,-0.05057798972780084,1.9562498478889565,0.09166984970282081,2.1787570184237244
1707932,Geopolitics,100265,geopolitics,1.8445846341416083,1.9899617924167368,2.0075628825408534,2.1468323838229124,-1.308420858420707,-1.3060183769672757,-0.684039009926683,-0.6831516426258306,-0.29650530007960885,-0.2976494572269183,-0.9677762114335285,-0.22379538070723962,-0.7809639771609987,-0.736818809095437,0.14805556993047436,0.14805556993047436,1.4532569120845897,0.09166984970282081,1.1197946100150844
567687,Geopolitics,100265,geopolitics,0.7578701519225571,0.7070080287817806,1.6142444402471352,1.5280824679356397,0.7901232329442232,0.7745544937553648,-0.684039009926683,-0.6848181124165857,0.015500277069928754,0.02495573863621334,-0.4357926942131426,0.021345076143019528,-0.005395383519558633,0.09470085007182749,-0.05057798972780084,-0.05057798972780084,0.5517865243183863,0.09166984970282081,0.4367573588578921
1919425,Geopolitics,100265,geopolitics,1.8445846341416083,1.7657476762300153,2.0075628825408534,1.9085903091401675,-1.2763470404304136,-1.2818260242036326,-0.6794705011641283,-0.6802933944392626,0.8555152924725306,1.4261702257185032,-1.010101053902491,1.9710694571964373,-0.7809639771609987,-0.18247236965059335,-0.05057798972780084,-0.05057798972780084,1.9658009923911783,0.09166984970282081,2.238080234045247
1126504,Geopolitics,100265,geopolitics,1.1653880827547014,1.1040353965748686,2.2042221036877128,2.0988442297424315,0.7901232329442232,0.7745544937553648,-0.6703334836390188,-0.6712439584846163,-0.34450615810261453,-0.33349447898948825,-0.8236055304353395,-0.24885229248506788,-0.005395383519558633,0.649047289516671,-0.05057798972780084,-0.05057798972780084,0.5217544335337881,0.09166984970282081,0.4179696870030517
559651,Geopolitics,100265,geopolitics,0.7578701519225571,0.8532346262948598,0.6309483345128397,0.7169552617965238,-1.2900929624262536,-1.286436514654592,-0.684039009926683,-0.6831516426258306,-0.29650530007960885,-0.31720128727922925,-0.7950589968446333,-0.2657390347884079,-0.005395383519558633,-0.736818809095437,0.14805556993047436,0.14805556993047436,-0.9089735508397683,0.09166984970282081,-0.7394096188189297
1808970,Geopolitics,100265,geopolitics,0.350352221090413,0.3099806609886926,1.024266776806558,0.9573207061288482,-1.294674936424867,-1.3000644323451758,-0.6749019924015736,-0.6757686764619395,0.495508857299987,0.6440970236260622,-0.46097534591588235,0.5190122125895006,-0.7809639771609987,0.649047289516671,-0.05057798972780084,-0.05057798972780084,1.381457233367496,0.09166984970282081,1.047137013323729
1105750,Geopolitics,100265,geopolitics,0.6220308416451757,0.7111437305296252,-0.1556885500745969,-0.1001173793614128,0.6389180909899814,0.7745544937553648,-0.684039009926683,-0.6831516426258306,-0.4345077668957505,-0.4964263960920802,-0.23936801093176818,-0.46558422872359284,-0.005395383519558633,-0.736818809095437,0.14805556993047436,0.14805556993047436,0.3239328161643277,0.09166984970282081,0.2950536345044782
666861,Geopolitics,100265,geopolitics,-0.19300502001911263,-0.21938916273542475,0.23762989221912142,0.196305023719793,0.7901232329442232,0.7745544937553648,-0.684039009926683,-0.6848181124165857,-0.22450401304509987,-0.26832171214845146,-0.1520681516956011,-0.24303391174237618,-0.005395383519558633,0.09470085007182749,-0.05057798972780084,-0.05057798972780084,1.9593769159785432,0.09166984970282081,2.1974760361480308
1171663,Geopolitics,100265,geopolitics,0.8937094621999385,0.8393504847128099,1.8109036613939944,1.7183363885379037,0.7901232329442232,0.7745544937553648,-0.6749019924015736,-0.6757686764619395,-0.10450186798758539,-0.007630644784304691,-0.5818520740890348,0.004198706849127269,-0.6722394079589278,0.09470085007182749,-0.05057798972780084,-0.05057798972780084,-0.0051901246130163815,0.09166984970282081,0.086374015987191
956590,Geopolitics,100265,geopolitics,0.6220308416451757,0.5746655728507513,0.6309483345128397,0.5768128649243206,-1.2992569104234803,-1.3046240343805615,-0.684039009926683,-0.6848181124165857,-0.40450723063137184,-0.4442881826192509,-0.8192885044291567,-0.41149379171605505,-0.6722394079589278,-0.18247236965059335,0.14805556993047436,0.14805556993047436,0.8016938104730296,0.09166984970282081,0.5970879583331318
2054133,Geopolitics,100265,geopolitics,0.48619153136779436,1.6668440614772884,0.4342891133659806,1.6052673325216116,-1.317584806417934,-1.2547118071177619,-0.684039009926683,-0.66871591320903,0.3755067122424725,0.5789242567850259,-0.6180729752140913,0.9043381835561631,-0.83895041406877,-5.448763544376608,0.14805556993047436,0.14805556993047436,1.0443613930664546,0.09166984970282081,0.7658002009583339
1809560,Geopolitics,100265,geopolitics,1.8445846341416083,1.7657476762300153,1.220925997953417,1.147574626731112,-1.2763470404304136,-1.2818260242036326,-0.684039009926683,-0.6848181124165857,1.2155217276450745,1.8823795936057606,-0.8398207012878371,1.9224592987942977,-0.7809639771609987,0.3718740697942502,-0.05057798972780084,-0.05057798972780084,1.9891505019204765,0.09166984970282081,2.4183803127836794
1484987,Geopolitics,100265,geopolitics,0.07867360053565017,0.04529574912663392,0.6309483345128397,0.5768128649243206,0.7901232329442232,0.7745544937553648,-0.6657649748764641,-0.6667192405072931,-0.3445061581026146,-0.3334944789894884,-0.20195378554484056,-0.316909253738621,-0.6722394079589278,0.649047289516671,-0.05057798972780084,-0.05057798972780084,1.7867547250747193,0.09166984970282081,1.6052413317137197
1105751,Geopolitics,100265,geopolitics,-0.19300502001911263,-0.20148236108725168,0.23762989221912142,0.2220476260845813,0.753467440955316,0.7745544937553648,-0.6703334836390188,-0.6706317344876845,-0.4525080886543777,-0.5127195878023394,0.022531566776729607,-0.4812859488322562,-0.005395383519558633,0.3718740697942502,0.14805556993047436,0.14805556993047436,0.1784883569345104,0.09166984970282081,0.20420223904219342
1708109,Geopolitics,100265,geopolitics,-0.328844330296494,-0.3517316186664541,-0.1556885500745969,-0.1842028174847346,0.7901232329442232,0.7745544937553648,-0.684039009926683,-0.6848181124165857,0.3755067122424727,0.4811651065234709,-0.360736107918633,0.36490586799537555,-0.7773524087164393,-0.18247236965059335,-0.05057798972780084,-0.05057798972780084,1.8409476825291826,0.09166984970282081,1.7350302466967882
560317,Geopolitics,100265,geopolitics,1.3012273930320828,1.236377852505898,2.4008813248345717,2.289098150344695,0.7901232329442232,0.7745544937553648,-0.6703334836390188,-0.6712439584846163,-0.34450615810261453,-0.33349447898948825,-0.920306912973863,-0.2208142314969348,-0.0026017661164498634,0.3718740697942502,-0.05057798972780084,-0.05057798972780084,0.7022300783271921,0.09166984970282081,0.5321867935121262
1962237,Geopolitics,100265,geopolitics,2.116263254696371,2.030432588092074,1.6142444402471352,1.5280824679356397,-1.2992569104234803,-1.3046240343805615,-0.6794705011641283,-0.6802933944392626,0.7355131474150159,1.100306391513319,-1.0215513134839942,1.543911247374422,-0.7809639771609987,-0.18247236965059335,-0.05057798972780084,-0.05057798972780084,2.011364558758356,0.09166984970282081,2.6755675121176075
1090199,Geopolitics,100265,geopolitics,0.48619153136779436,0.4423231169197219,1.024266776806558,0.9573207061288482,0.7901232329442232,0.7745544937553648,-0.6520594485887999,-0.6531450865753236,-0.22450401304510004,-0.1379761784663782,-0.41291592387113457,-0.13943855627421597,-0.6722394079589278,0.649047289516671,0.14805556993047436,0.14805556993047436,1.8334706114969084,0.09166984970282081,1.71535365050496
1105753,Geopolitics,100265,geopolitics,-0.6005229508512568,-0.6164165305285128,-0.35234777122145605,-0.3744567380869984,0.7901232329442232,0.7745544937553648,-0.684039009926683,-0.6848181124165857,-0.4525080886543777,-0.5094609494602876,0.3368110600269272,-0.4786208266612245,-0.005395383519558633,0.09470085007182749,0.14805556993047436,0.14805556993047436,-0.8115931774863541,0.09166984970282081,-0.6016230451059622
2099029,Geopolitics,100265,geopolitics,-0.328844330296494,1.4389263673759491,0.040970671072262266,2.5802794556566964,-1.3588225724054543,-1.2581383355807747,-0.6977445362143472,-0.6809003688020743,-0.10450186798758539,0.05754212205673192,-0.2631770634507227,0.4031164915129513,-0.83895041406877,-9.329188620490514,-0.05057798972780084,-0.05057798972780084,1.9829860322023474,0.09166984970282081,2.364600936564284
610256,Geopolitics,100265,geopolitics,1.708745323864227,1.6826489248314618,1.220925997953417,1.189406355573893,-1.2626011184345733,-1.2656023239381902,-0.6794705011641283,-0.6798342264415639,-0.4165074451371233,-0.45080545930335447,-0.7945951156737835,-0.41528550472830045,-1.3263988993247218,-0.18247236965059335,0.14805556993047436,0.14805556993047436,-0.6970868155350978,0.09166984970282081,-0.46751937333824506
637002,Geopolitics,100265,geopolitics,-0.7363622611286382,-0.7398055856354556,-0.5490069923683152,-0.5518393575068681,0.753467440955316,0.7745544937553648,1.454023090948927,1.4689476447892442,-0.3445061581026147,-0.33349447898948853,0.8082302999022236,-0.3419086437285031,-0.30257587267188624,0.3718740697942502,-0.05057798972780084,-0.05057798972780084,-0.39749861448664797,0.09166984970282081,-0.1937036453718486
